date,week,month,season,is_holiday,promo_event
2022-01-01,52,1,Q1,1,No Promotion
2022-01-02,52,1,Q1,0,No Promotion
2022-01-03,1,1,Q1,0,No Promotion
2022-01-04,1,1,Q1,0,No Promotion
2022-01-05,1,1,Q1,0,No Promotion
2022-01-06,1,1,Q1,0,No Promotion
2022-01-07,1,1,Q1,0,No Promotion
2022-01-08,1,1,Q1,0,No Promotion
2022-01-09,1,1,Q1,0,No Promotion
2022-01-10,2,1,Q1,0,No Promotion
2022-01-11,2,1,Q1,0,No Promotion
2022-01-12,2,1,Q1,0,No Promotion
2022-01-13,2,1,Q1,0,No Promotion
2022-01-14,2,1,Q1,0,No Promotion
2022-01-15,2,1,Q1,0,No Promotion
2022-01-16,2,1,Q1,0,No Promotion
2022-01-17,3,1,Q1,0,No Promotion
2022-01-18,3,1,Q1,0,No Promotion
2022-01-19,3,1,Q1,0,No Promotion
2022-01-20,3,1,Q1,0,No Promotion
2022-01-21,3,1,Q1,0,No Promotion
2022-01-22,3,1,Q1,0,No Promotion
2022-01-23,3,1,Q1,0,Payday Bonanza; Spring Savings Event
2022-01-24,4,1,Q1,0,Payday Bonanza; Spring Savings Event
2022-01-25,4,1,Q1,0,Payday Bonanza; Spring Savings Event
2022-01-26,4,1,Q1,0,Payday Bonanza; Spring Savings Event
2022-01-27,4,1,Q1,0,Payday Bonanza; Spring Savings Event
2022-01-28,4,1,Q1,0,Payday Bonanza; Spring Savings Event
2022-01-29,4,1,Q1,0,Payday Bonanza; Spring Savings Event
2022-01-30,4,1,Q1,0,Weekend Blowout; Spring Savings Event; Mid-Season Offer
2022-01-31,5,1,Q1,0,Weekend Blowout; Spring Savings Event; Mid-Season Offer
2022-02-01,5,2,Q1,0,Weekend Blowout; Spring Savings Event; Mid-Season Offer
2022-02-02,5,2,Q1,0,Weekend Blowout; Spring Savings Event; Mid-Season Offer
2022-02-03,5,2,Q1,0,Weekend Blowout; Spring Savings Event; Mid-Season Offer
2022-02-04,5,2,Q1,0,Mega Blowout; Weekend Blowout; Spring Savings Event; Mid-Season Offer
2022-02-05,5,2,Q1,0,Mega Blowout; Weekend Blowout; Spring Savings Event; Mid-Season Offer
2022-02-06,5,2,Q1,0,Mega Blowout; Weekend Blowout; Spring Savings Event; Mid-Season Offer
2022-02-07,6,2,Q1,0,Mega Blowout; Weekend Blowout; Spring Savings Event; Mid-Season Offer
2022-02-08,6,2,Q1,0,Mega Blowout; Weekend Blowout; Spring Savings Event; Mid-Season Offer
2022-02-09,6,2,Q1,0,Mega Blowout; Weekend Blowout; Spring Savings Event; Mid-Season Offer
2022-02-10,6,2,Q1,0,Mega Blowout; Weekend Blowout; Spring Savings Event; Mid-Season Offer
2022-02-11,6,2,Q1,0,Mega Blowout; Weekend Blowout; Spring Savings Event; Mid-Season Offer
2022-02-12,6,2,Q1,0,Mega Blowout; Weekend Blowout; Spring Savings Event; Mid-Season Offer
2022-02-13,6,2,Q1,0,Mega Blowout; Weekend Blowout; Spring Savings Event; Mid-Season Offer
2022-02-14,7,2,Q1,0,Weekend Blowout; Spring Savings Event; Mid-Season Offer
2022-02-15,7,2,Q1,0,Weekend Blowout; Spring Savings Event; Mid-Season Offer
2022-02-16,7,2,Q1,0,Weekend Blowout; Spring Savings Event; Mid-Season Offer
2022-02-17,7,2,Q1,0,Weekend Blowout; Spring Savings Event; Mid-Season Offer
2022-02-18,7,2,Q1,0,Grand Blowout; Weekend Blowout; Spring Savings Event; Mid-Season Offer
2022-02-19,7,2,Q1,0,Grand Blowout; Weekend Blowout; Mid-Season Offer
2022-02-20,7,2,Q1,0,Grand Blowout; Weekend Blowout
2022-02-21,8,2,Q1,0,Grand Blowout; Weekend Blowout
2022-02-22,8,2,Q1,0,Grand Blowout; Weekend Blowout
2022-02-23,8,2,Q1,0,Grand Blowout; Weekend Blowout
2022-02-24,8,2,Q1,0,Grand Blowout; Weekend Blowout
2022-02-25,8,2,Q1,0,Grand Blowout
2022-02-26,8,2,Q1,0,Grand Blowout
2022-02-27,8,2,Q1,0,Grand Blowout
2022-02-28,9,2,Q1,0,Grand Blowout; Flash Deal Days
2022-03-01,9,3,Q1,0,Grand Blowout; Flash Deal Days
2022-03-02,9,3,Q1,0,Grand Blowout; Flash Deal Days
2022-03-03,9,3,Q1,0,Grand Blowout; Flash Deal Days
2022-03-04,9,3,Q1,0,Flash Deal Days
2022-03-05,9,3,Q1,0,Flash Deal Days
2022-03-06,9,3,Q1,0,Flash Deal Days
2022-03-07,10,3,Q1,0,Flash Deal Days
2022-03-08,10,3,Q1,0,Flash Deal Days
2022-03-09,10,3,Q1,0,Flash Deal Days
2022-03-10,10,3,Q1,0,Flash Deal Days
2022-03-11,10,3,Q1,0,Flash Deal Days
2022-03-12,10,3,Q1,0,Flash Deal Days
2022-03-13,10,3,Q1,0,Flash Deal Days
2022-03-14,11,3,Q1,0,Flash Deal Days
2022-03-15,11,3,Q1,0,Flash Deal Days
2022-03-16,11,3,Q1,0,Flash Deal Days
2022-03-17,11,3,Q1,0,Flash Deal Days
2022-03-18,11,3,Q1,0,Flash Deal Days
2022-03-19,11,3,Q1,0,Flash Deal Days
2022-03-20,11,3,Q1,0,Flash Deal Days
2022-03-21,12,3,Q1,0,Flash Deal Days
2022-03-22,12,3,Q1,0,Flash Deal Days
2022-03-23,12,3,Q1,0,Flash Deal Days
2022-03-24,12,3,Q1,0,Flash Deal Days
2022-03-25,12,3,Q1,0,Flash Deal Days
2022-03-26,12,3,Q1,0,Flash Deal Days
2022-03-27,12,3,Q1,0,Flash Deal Days
2022-03-28,13,3,Q1,0,No Promotion
2022-03-29,13,3,Q1,0,No Promotion
2022-03-30,13,3,Q1,0,No Promotion
2022-03-31,13,3,Q1,0,No Promotion
2022-04-01,13,4,Q2,0,No Promotion
2022-04-02,13,4,Q2,0,No Promotion
2022-04-03,13,4,Q2,0,No Promotion
2022-04-04,14,4,Q2,0,No Promotion
2022-04-05,14,4,Q2,0,No Promotion
2022-04-06,14,4,Q2,0,No Promotion
2022-04-07,14,4,Q2,0,No Promotion
2022-04-08,14,4,Q2,0,No Promotion
2022-04-09,14,4,Q2,0,No Promotion
2022-04-10,14,4,Q2,0,No Promotion
2022-04-11,15,4,Q2,0,No Promotion
2022-04-12,15,4,Q2,0,No Promotion
2022-04-13,15,4,Q2,0,No Promotion
2022-04-14,15,4,Q2,0,No Promotion
2022-04-15,15,4,Q2,0,No Promotion
2022-04-16,15,4,Q2,0,No Promotion
2022-04-17,15,4,Q2,0,No Promotion
2022-04-18,16,4,Q2,0,Flash Deal Days
2022-04-19,16,4,Q2,0,Flash Deal Days
2022-04-20,16,4,Q2,0,Flash Deal Days
2022-04-21,16,4,Q2,0,Flash Deal Days
2022-04-22,16,4,Q2,0,Flash Deal Days
2022-04-23,16,4,Q2,0,Flash Deal Days
2022-04-24,16,4,Q2,0,Flash Deal Days
2022-04-25,17,4,Q2,0,Flash Deal Days
2022-04-26,17,4,Q2,0,Flash Deal Days
2022-04-27,17,4,Q2,0,Flash Sale; Flash Deal Days
2022-04-28,17,4,Q2,0,Flash Sale; Flash Deal Days
2022-04-29,17,4,Q2,0,Flash Sale; Flash Deal Days
2022-04-30,17,4,Q2,0,Flash Sale; Flash Deal Days
2022-05-01,17,5,Q2,1,Flash Sale; Flash Deal Days
2022-05-02,18,5,Q2,0,Flash Sale; Flash Deal Days
2022-05-03,18,5,Q2,0,Flash Sale; Flash Deal Days
2022-05-04,18,5,Q2,0,Flash Sale; Flash Deal Days
2022-05-05,18,5,Q2,0,Flash Sale; Flash Deal Days
2022-05-06,18,5,Q2,0,Flash Sale
2022-05-07,18,5,Q2,0,Flash Sale
2022-05-08,18,5,Q2,0,Flash Sale
2022-05-09,19,5,Q2,0,Flash Sale
2022-05-10,19,5,Q2,0,Flash Sale
2022-05-11,19,5,Q2,0,Flash Sale
2022-05-12,19,5,Q2,0,Flash Sale
2022-05-13,19,5,Q2,0,Flash Sale
2022-05-14,19,5,Q2,0,Flash Sale
2022-05-15,19,5,Q2,0,Flash Sale
2022-05-16,20,5,Q2,0,Flash Sale
2022-05-17,20,5,Q2,0,Flash Sale
2022-05-18,20,5,Q2,0,Flash Sale
2022-05-19,20,5,Q2,0,Flash Sale
2022-05-20,20,5,Q2,0,Flash Sale
2022-05-21,20,5,Q2,0,Flash Sale
2022-05-22,20,5,Q2,0,Flash Sale
2022-05-23,21,5,Q2,0,Flash Sale
2022-05-24,21,5,Q2,0,Flash Sale
2022-05-25,21,5,Q2,0,Flash Sale
2022-05-26,21,5,Q2,0,Flash Sale
2022-05-27,21,5,Q2,0,Flash Sale
2022-05-28,21,5,Q2,0,Clearance Deal Days
2022-05-29,21,5,Q2,0,Clearance Deal Days
2022-05-30,22,5,Q2,0,Clearance Deal Days
2022-05-31,22,5,Q2,0,Clearance Deal Days
2022-06-01,22,6,Q2,0,Clearance Deal Days
2022-06-02,22,6,Q2,0,Clearance Deal Days
2022-06-03,22,6,Q2,0,Clearance Deal Days
2022-06-04,22,6,Q2,0,Clearance Deal Days
2022-06-05,22,6,Q2,0,Clearance Deal Days
2022-06-06,23,6,Q2,0,Clearance Deal Days
2022-06-07,23,6,Q2,0,Clearance Deal Days
2022-06-08,23,6,Q2,0,Clearance Deal Days
2022-06-09,23,6,Q2,0,Clearance Deal Days
2022-06-10,23,6,Q2,0,Clearance Deal Days
2022-06-11,23,6,Q2,0,Clearance Deal Days
2022-06-12,23,6,Q2,0,Clearance Deal Days
2022-06-13,24,6,Q2,0,Clearance Deal Days
2022-06-14,24,6,Q2,0,Clearance Deal Days
2022-06-15,24,6,Q2,0,Clearance Deal Days
2022-06-16,24,6,Q2,0,Payday Discount Days; Clearance Deal Days
2022-06-17,24,6,Q2,0,Payday Discount Days; Clearance Deal Days
2022-06-18,24,6,Q2,0,Payday Discount Days; Clearance Deal Days
2022-06-19,24,6,Q2,0,Payday Discount Days
2022-06-20,25,6,Q2,0,Payday Discount Days
2022-06-21,25,6,Q2,0,Payday Discount Days
2022-06-22,25,6,Q2,0,Payday Discount Days
2022-06-23,25,6,Q2,0,Payday Discount Days
2022-06-24,25,6,Q2,0,Payday Discount Days
2022-06-25,25,6,Q2,0,Payday Discount Days
2022-06-26,25,6,Q2,0,No Promotion
2022-06-27,26,6,Q2,0,No Promotion
2022-06-28,26,6,Q2,0,No Promotion
2022-06-29,26,6,Q2,0,No Promotion
2022-06-30,26,6,Q2,0,No Promotion
2022-07-01,26,7,Q3,0,No Promotion
2022-07-02,26,7,Q3,0,No Promotion
2022-07-03,26,7,Q3,0,Clearance Sale
2022-07-04,27,7,Q3,1,Clearance Sale
2022-07-05,27,7,Q3,0,Clearance Sale
2022-07-06,27,7,Q3,0,Clearance Sale
2022-07-07,27,7,Q3,0,Clearance Sale
2022-07-08,27,7,Q3,0,Clearance Sale
2022-07-09,27,7,Q3,0,Clearance Sale
2022-07-10,27,7,Q3,0,Clearance Sale
2022-07-11,28,7,Q3,0,Clearance Sale
2022-07-12,28,7,Q3,0,Clearance Sale
2022-07-13,28,7,Q3,0,Clearance Sale
2022-07-14,28,7,Q3,0,Clearance Sale
2022-07-15,28,7,Q3,0,Clearance Sale
2022-07-16,28,7,Q3,0,Clearance Sale
2022-07-17,28,7,Q3,0,Clearance Sale; Clearance Blowout
2022-07-18,29,7,Q3,0,Clearance Sale; Clearance Blowout
2022-07-19,29,7,Q3,0,Clearance Sale; Clearance Blowout
2022-07-20,29,7,Q3,0,Clearance Sale; Clearance Blowout
2022-07-21,29,7,Q3,0,Clearance Sale; Clearance Blowout
2022-07-22,29,7,Q3,0,Clearance Sale; Clearance Blowout
2022-07-23,29,7,Q3,0,Clearance Sale; Clearance Blowout
2022-07-24,29,7,Q3,0,Clearance Blowout
2022-07-25,30,7,Q3,0,Clearance Blowout
2022-07-26,30,7,Q3,0,Clearance Blowout
2022-07-27,30,7,Q3,0,Clearance Blowout
2022-07-28,30,7,Q3,0,Clearance Blowout
2022-07-29,30,7,Q3,0,Clearance Blowout
2022-07-30,30,7,Q3,0,Clearance Blowout
2022-07-31,30,7,Q3,0,No Promotion
2022-08-01,31,8,Q3,0,No Promotion
2022-08-02,31,8,Q3,0,No Promotion
2022-08-03,31,8,Q3,0,No Promotion
2022-08-04,31,8,Q3,0,No Promotion
2022-08-05,31,8,Q3,0,No Promotion
2022-08-06,31,8,Q3,0,No Promotion
2022-08-07,31,8,Q3,0,No Promotion
2022-08-08,32,8,Q3,0,No Promotion
2022-08-09,32,8,Q3,0,No Promotion
2022-08-10,32,8,Q3,0,No Promotion
2022-08-11,32,8,Q3,0,No Promotion
2022-08-12,32,8,Q3,0,No Promotion
2022-08-13,32,8,Q3,0,No Promotion
2022-08-14,32,8,Q3,0,No Promotion
2022-08-15,33,8,Q3,0,No Promotion
2022-08-16,33,8,Q3,0,No Promotion
2022-08-17,33,8,Q3,0,No Promotion
2022-08-18,33,8,Q3,0,No Promotion
2022-08-19,33,8,Q3,0,No Promotion
2022-08-20,33,8,Q3,0,No Promotion
2022-08-21,33,8,Q3,0,No Promotion
2022-08-22,34,8,Q3,0,No Promotion
2022-08-23,34,8,Q3,0,No Promotion
2022-08-24,34,8,Q3,0,No Promotion
2022-08-25,34,8,Q3,0,No Promotion
2022-08-26,34,8,Q3,0,No Promotion
2022-08-27,34,8,Q3,0,Super Deal Days
2022-08-28,34,8,Q3,0,Super Deal Days
2022-08-29,35,8,Q3,0,Super Deal Days
2022-08-30,35,8,Q3,0,Super Deal Days
2022-08-31,35,8,Q3,0,Super Deal Days
2022-09-01,35,9,Q3,0,Super Deal Days
2022-09-02,35,9,Q3,0,Super Deal Days
2022-09-03,35,9,Q3,0,Super Deal Days
2022-09-04,35,9,Q3,0,Super Deal Days
2022-09-05,36,9,Q3,0,Super Deal Days
2022-09-06,36,9,Q3,0,Super Deal Days
2022-09-07,36,9,Q3,0,Super Deal Days
2022-09-08,36,9,Q3,0,No Promotion
2022-09-09,36,9,Q3,0,No Promotion
2022-09-10,36,9,Q3,0,Clearance Discount Days
2022-09-11,36,9,Q3,0,Clearance Discount Days
2022-09-12,37,9,Q3,0,Clearance Discount Days
2022-09-13,37,9,Q3,0,Clearance Discount Days
2022-09-14,37,9,Q3,0,Clearance Discount Days
2022-09-15,37,9,Q3,0,Clearance Discount Days
2022-09-16,37,9,Q3,0,Clearance Discount Days
2022-09-17,37,9,Q3,0,Clearance Discount Days
2022-09-18,37,9,Q3,0,Clearance Discount Days
2022-09-19,38,9,Q3,0,Clearance Discount Days
2022-09-20,38,9,Q3,0,Clearance Discount Days
2022-09-21,38,9,Q3,0,Clearance Discount Days
2022-09-22,38,9,Q3,0,Clearance Discount Days
2022-09-23,38,9,Q3,0,Clearance Discount Days
2022-09-24,38,9,Q3,0,Clearance Discount Days
2022-09-25,38,9,Q3,0,Clearance Discount Days
2022-09-26,39,9,Q3,0,Clearance Discount Days
2022-09-27,39,9,Q3,0,Clearance Discount Days
2022-09-28,39,9,Q3,0,Clearance Discount Days
2022-09-29,39,9,Q3,0,Clearance Discount Days
2022-09-30,39,9,Q3,0,Clearance Discount Days
2022-10-01,39,10,Q4,0,Clearance Discount Days
2022-10-02,39,10,Q4,0,Clearance Discount Days
2022-10-03,40,10,Q4,0,Clearance Discount Days
2022-10-04,40,10,Q4,0,Clearance Discount Days
2022-10-05,40,10,Q4,0,Clearance Discount Days
2022-10-06,40,10,Q4,0,Clearance Discount Days
2022-10-07,40,10,Q4,0,Clearance Discount Days
2022-10-08,40,10,Q4,0,Clearance Discount Days
2022-10-09,40,10,Q4,0,Clearance Discount Days
2022-10-10,41,10,Q4,0,Clearance Discount Days
2022-10-11,41,10,Q4,0,No Promotion
2022-10-12,41,10,Q4,0,No Promotion
2022-10-13,41,10,Q4,0,No Promotion
2022-10-14,41,10,Q4,0,No Promotion
2022-10-15,41,10,Q4,0,No Promotion
2022-10-16,41,10,Q4,0,No Promotion
2022-10-17,42,10,Q4,0,No Promotion
2022-10-18,42,10,Q4,0,No Promotion
2022-10-19,42,10,Q4,0,Weekend Offer
2022-10-20,42,10,Q4,0,Weekend Offer
2022-10-21,42,10,Q4,0,Weekend Offer
2022-10-22,42,10,Q4,0,Weekend Offer
2022-10-23,42,10,Q4,0,Weekend Offer
2022-10-24,43,10,Q4,0,Weekend Offer
2022-10-25,43,10,Q4,0,Weekend Offer; Payday Deal Days
2022-10-26,43,10,Q4,0,Weekend Offer; Payday Deal Days
2022-10-27,43,10,Q4,0,Weekend Offer; Payday Deal Days
2022-10-28,43,10,Q4,0,Weekend Offer; Payday Deal Days
2022-10-29,43,10,Q4,0,Weekend Offer; Payday Deal Days
2022-10-30,43,10,Q4,0,Weekend Offer; Payday Deal Days
2022-10-31,44,10,Q4,0,Weekend Offer; Payday Deal Days
2022-11-01,44,11,Q4,0,Weekend Offer; Payday Deal Days
2022-11-02,44,11,Q4,0,Weekend Offer; Payday Deal Days
2022-11-03,44,11,Q4,0,Weekend Offer; Payday Deal Days
2022-11-04,44,11,Q4,0,Weekend Offer; Payday Deal Days
2022-11-05,44,11,Q4,0,Weekend Offer; Payday Deal Days
2022-11-06,44,11,Q4,0,Weekend Offer; Payday Deal Days
2022-11-07,45,11,Q4,0,Weekend Offer; Payday Deal Days
2022-11-08,45,11,Q4,0,Weekend Offer; Payday Deal Days
2022-11-09,45,11,Q4,0,Weekend Offer; Payday Deal Days
2022-11-10,45,11,Q4,0,Weekend Offer
2022-11-11,45,11,Q4,0,Weekend Offer
2022-11-12,45,11,Q4,0,Weekend Offer
2022-11-13,45,11,Q4,0,Weekend Offer
2022-11-14,46,11,Q4,0,Weekend Offer
2022-11-15,46,11,Q4,0,No Promotion
2022-11-16,46,11,Q4,0,Summer Fest
2022-11-17,46,11,Q4,0,Summer Fest
2022-11-18,46,11,Q4,0,Summer Fest
2022-11-19,46,11,Q4,0,Summer Fest
2022-11-20,46,11,Q4,0,Summer Fest
2022-11-21,47,11,Q4,0,Summer Fest
2022-11-22,47,11,Q4,0,Summer Fest
2022-11-23,47,11,Q4,0,Summer Fest; Back to School Fest
2022-11-24,47,11,Q4,0,Back to School Fest
2022-11-25,47,11,Q4,0,Back to School Fest
2022-11-26,47,11,Q4,0,Back to School Fest
2022-11-27,47,11,Q4,0,Back to School Fest
2022-11-28,48,11,Q4,0,Back to School Fest
2022-11-29,48,11,Q4,0,Back to School Fest
2022-11-30,48,11,Q4,0,Back to School Fest
2022-12-01,48,12,Q4,0,Back to School Fest
2022-12-02,48,12,Q4,0,Back to School Fest
2022-12-03,48,12,Q4,0,Back to School Fest
2022-12-04,48,12,Q4,0,Back to School Fest
2022-12-05,49,12,Q4,0,Back to School Fest
2022-12-06,49,12,Q4,0,Back to School Fest
2022-12-07,49,12,Q4,0,Back to School Fest
2022-12-08,49,12,Q4,0,Back to School Fest; Clearance Fest
2022-12-09,49,12,Q4,0,Back to School Fest; Clearance Fest
2022-12-10,49,12,Q4,0,Back to School Fest; Clearance Fest
2022-12-11,49,12,Q4,0,Clearance Fest
2022-12-12,50,12,Q4,0,Clearance Fest
2022-12-13,50,12,Q4,0,Clearance Fest
2022-12-14,50,12,Q4,0,Clearance Savings Event; Clearance Fest
2022-12-15,50,12,Q4,0,Clearance Savings Event; Clearance Fest
2022-12-16,50,12,Q4,0,Clearance Savings Event; Clearance Fest
2022-12-17,50,12,Q4,0,Clearance Savings Event; Clearance Fest
2022-12-18,50,12,Q4,0,Clearance Savings Event; Clearance Fest
2022-12-19,51,12,Q4,0,Clearance Savings Event; Clearance Fest
2022-12-20,51,12,Q4,0,Clearance Savings Event; Clearance Fest
2022-12-21,51,12,Q4,0,Clearance Savings Event; Clearance Fest
2022-12-22,51,12,Q4,0,Clearance Savings Event; Clearance Fest
2022-12-23,51,12,Q4,0,Clearance Savings Event; Clearance Fest
2022-12-24,51,12,Q4,0,Clearance Savings Event; Clearance Fest
2022-12-25,51,12,Q4,1,Clearance Savings Event; Clearance Fest
2022-12-26,52,12,Q4,1,Clearance Savings Event; Clearance Fest
2022-12-27,52,12,Q4,0,Clearance Savings Event; Clearance Fest
2022-12-28,52,12,Q4,0,Clearance Fest
2022-12-29,52,12,Q4,0,Clearance Fest
2022-12-30,52,12,Q4,0,Clearance Fest
2022-12-31,52,12,Q4,0,Clearance Fest
2023-01-01,52,1,Q1,1,Clearance Fest
2023-01-02,1,1,Q1,0,Clearance Fest
2023-01-03,1,1,Q1,0,Clearance Fest
2023-01-04,1,1,Q1,0,Clearance Fest
2023-01-05,1,1,Q1,0,Clearance Fest
2023-01-06,1,1,Q1,0,No Promotion
2023-01-07,1,1,Q1,0,No Promotion
2023-01-08,1,1,Q1,0,No Promotion
2023-01-09,2,1,Q1,0,No Promotion
2023-01-10,2,1,Q1,0,No Promotion
2023-01-11,2,1,Q1,0,No Promotion
2023-01-12,2,1,Q1,0,No Promotion
2023-01-13,2,1,Q1,0,No Promotion
2023-01-14,2,1,Q1,0,No Promotion
2023-01-15,2,1,Q1,0,No Promotion
2023-01-16,3,1,Q1,0,Grand Sale
2023-01-17,3,1,Q1,0,Grand Sale
2023-01-18,3,1,Q1,0,Grand Sale
2023-01-19,3,1,Q1,0,Grand Sale
2023-01-20,3,1,Q1,0,Grand Sale
2023-01-21,3,1,Q1,0,Grand Sale
2023-01-22,3,1,Q1,0,Grand Sale
2023-01-23,4,1,Q1,0,Grand Sale
2023-01-24,4,1,Q1,0,Grand Sale
2023-01-25,4,1,Q1,0,Grand Sale
2023-01-26,4,1,Q1,0,Grand Sale
2023-01-27,4,1,Q1,0,Grand Sale
2023-01-28,4,1,Q1,0,Grand Sale
2023-01-29,4,1,Q1,0,Grand Sale
2023-01-30,5,1,Q1,0,Grand Sale
2023-01-31,5,1,Q1,0,Grand Sale
2023-02-01,5,2,Q1,0,Grand Sale
2023-02-02,5,2,Q1,0,Grand Sale
2023-02-03,5,2,Q1,0,Grand Sale
2023-02-04,5,2,Q1,0,Grand Sale
2023-02-05,5,2,Q1,0,Grand Sale
2023-02-06,6,2,Q1,0,Grand Sale
2023-02-07,6,2,Q1,0,Grand Sale
2023-02-08,6,2,Q1,0,Grand Sale
2023-02-09,6,2,Q1,0,Grand Sale
2023-02-10,6,2,Q1,0,Grand Sale
2023-02-11,6,2,Q1,0,Grand Sale
2023-02-12,6,2,Q1,0,Grand Sale
2023-02-13,7,2,Q1,0,No Promotion
2023-02-14,7,2,Q1,0,No Promotion
2023-02-15,7,2,Q1,0,No Promotion
2023-02-16,7,2,Q1,0,No Promotion
2023-02-17,7,2,Q1,0,No Promotion
2023-02-18,7,2,Q1,0,No Promotion
2023-02-19,7,2,Q1,0,No Promotion
2023-02-20,8,2,Q1,0,No Promotion
2023-02-21,8,2,Q1,0,No Promotion
2023-02-22,8,2,Q1,0,No Promotion
2023-02-23,8,2,Q1,0,No Promotion
2023-02-24,8,2,Q1,0,Winter Deal Days
2023-02-25,8,2,Q1,0,Winter Deal Days
2023-02-26,8,2,Q1,0,Winter Deal Days; Mid-Season Discount Days
2023-02-27,9,2,Q1,0,Winter Deal Days; Mid-Season Discount Days
2023-02-28,9,2,Q1,0,Winter Deal Days; Mid-Season Discount Days
2023-03-01,9,3,Q1,0,Winter Deal Days; Mid-Season Discount Days
2023-03-02,9,3,Q1,0,Winter Deal Days; Mid-Season Discount Days
2023-03-03,9,3,Q1,0,Winter Deal Days; Mid-Season Discount Days
2023-03-04,9,3,Q1,0,Winter Deal Days; Mid-Season Discount Days
2023-03-05,9,3,Q1,0,Winter Deal Days; Mid-Season Discount Days
2023-03-06,10,3,Q1,0,Winter Deal Days; Mid-Season Discount Days
2023-03-07,10,3,Q1,0,Mid-Season Discount Days; Clearance Savings Event
2023-03-08,10,3,Q1,0,Mid-Season Discount Days; Clearance Savings Event
2023-03-09,10,3,Q1,0,Summer Savings Event; Mid-Season Discount Days; Clearance Savings Event
2023-03-10,10,3,Q1,0,Summer Savings Event; Mid-Season Discount Days; Clearance Savings Event
2023-03-11,10,3,Q1,0,Summer Savings Event; Clearance Savings Event
2023-03-12,10,3,Q1,0,Summer Savings Event; Clearance Savings Event
2023-03-13,11,3,Q1,0,Summer Savings Event; Clearance Savings Event; Grand Blowout
2023-03-14,11,3,Q1,0,Summer Savings Event; Clearance Savings Event; Grand Blowout
2023-03-15,11,3,Q1,0,Summer Savings Event; Clearance Savings Event; Grand Blowout
2023-03-16,11,3,Q1,0,Summer Savings Event; Clearance Savings Event; Grand Blowout
2023-03-17,11,3,Q1,0,Summer Savings Event; Clearance Savings Event; Grand Blowout
2023-03-18,11,3,Q1,0,Summer Savings Event; Clearance Savings Event; Grand Blowout
2023-03-19,11,3,Q1,0,Summer Savings Event; Clearance Savings Event; Grand Blowout
2023-03-20,12,3,Q1,0,Summer Savings Event; Summer Offer; Clearance Savings Event; Grand Blowout
2023-03-21,12,3,Q1,0,Summer Savings Event; Summer Offer; Clearance Savings Event; Grand Blowout
2023-03-22,12,3,Q1,0,Summer Offer; Clearance Savings Event; Grand Blowout
2023-03-23,12,3,Q1,0,Summer Offer; Clearance Savings Event; Grand Blowout
2023-03-24,12,3,Q1,0,Summer Offer; Clearance Savings Event; Grand Blowout
2023-03-25,12,3,Q1,0,Summer Offer; Clearance Savings Event; Grand Blowout
2023-03-26,12,3,Q1,0,Summer Offer; Clearance Savings Event; Grand Blowout
2023-03-27,13,3,Q1,0,Summer Offer; Clearance Savings Event; Grand Blowout
2023-03-28,13,3,Q1,0,Summer Offer; Clearance Savings Event; Grand Blowout
2023-03-29,13,3,Q1,0,Summer Offer; Clearance Savings Event; Grand Blowout
2023-03-30,13,3,Q1,0,Summer Offer; Clearance Savings Event; Grand Blowout
2023-03-31,13,3,Q1,0,Summer Offer; Grand Blowout
2023-04-01,13,4,Q2,0,Summer Offer; Grand Blowout
2023-04-02,13,4,Q2,0,Summer Offer; Grand Blowout
2023-04-03,14,4,Q2,0,Summer Offer; Grand Blowout
2023-04-04,14,4,Q2,0,Summer Offer; Grand Blowout
2023-04-05,14,4,Q2,0,Summer Offer; Grand Blowout
2023-04-06,14,4,Q2,0,Summer Offer; Grand Blowout
2023-04-07,14,4,Q2,0,Summer Offer; Grand Blowout
2023-04-08,14,4,Q2,0,Summer Offer; Grand Blowout
2023-04-09,14,4,Q2,0,Anniversary Deal Days; Summer Offer; Grand Blowout
2023-04-10,15,4,Q2,0,Anniversary Deal Days; Summer Offer; Grand Blowout
2023-04-11,15,4,Q2,0,Anniversary Deal Days; Summer Offer; Grand Blowout
2023-04-12,15,4,Q2,0,Back to School Fest; Anniversary Deal Days; Summer Offer; Grand Blowout
2023-04-13,15,4,Q2,0,Back to School Fest; Anniversary Deal Days
2023-04-14,15,4,Q2,0,Back to School Fest; Anniversary Deal Days
2023-04-15,15,4,Q2,0,Back to School Fest; Anniversary Deal Days
2023-04-16,15,4,Q2,0,Back to School Fest; Anniversary Deal Days
2023-04-17,16,4,Q2,0,Back to School Fest; Anniversary Deal Days
2023-04-18,16,4,Q2,0,Back to School Fest; Anniversary Deal Days
2023-04-19,16,4,Q2,0,No Promotion
2023-04-20,16,4,Q2,0,No Promotion
2023-04-21,16,4,Q2,0,No Promotion
2023-04-22,16,4,Q2,0,No Promotion
2023-04-23,16,4,Q2,0,No Promotion
2023-04-24,17,4,Q2,0,No Promotion
2023-04-25,17,4,Q2,0,No Promotion
2023-04-26,17,4,Q2,0,No Promotion
2023-04-27,17,4,Q2,0,No Promotion
2023-04-28,17,4,Q2,0,No Promotion
2023-04-29,17,4,Q2,0,No Promotion
2023-04-30,17,4,Q2,0,No Promotion
2023-05-01,18,5,Q2,1,No Promotion
2023-05-02,18,5,Q2,0,No Promotion
2023-05-03,18,5,Q2,0,No Promotion
2023-05-04,18,5,Q2,0,No Promotion
2023-05-05,18,5,Q2,0,No Promotion
2023-05-06,18,5,Q2,0,No Promotion
2023-05-07,18,5,Q2,0,No Promotion
2023-05-08,19,5,Q2,0,No Promotion
2023-05-09,19,5,Q2,0,No Promotion
2023-05-10,19,5,Q2,0,No Promotion
2023-05-11,19,5,Q2,0,No Promotion
2023-05-12,19,5,Q2,0,No Promotion
2023-05-13,19,5,Q2,0,No Promotion
2023-05-14,19,5,Q2,0,No Promotion
2023-05-15,20,5,Q2,0,No Promotion
2023-05-16,20,5,Q2,0,No Promotion
2023-05-17,20,5,Q2,0,No Promotion
2023-05-18,20,5,Q2,0,No Promotion
2023-05-19,20,5,Q2,0,No Promotion
2023-05-20,20,5,Q2,0,No Promotion
2023-05-21,20,5,Q2,0,No Promotion
2023-05-22,21,5,Q2,0,No Promotion
2023-05-23,21,5,Q2,0,No Promotion
2023-05-24,21,5,Q2,0,No Promotion
2023-05-25,21,5,Q2,0,No Promotion
2023-05-26,21,5,Q2,0,No Promotion
2023-05-27,21,5,Q2,0,No Promotion
2023-05-28,21,5,Q2,0,No Promotion
2023-05-29,22,5,Q2,0,No Promotion
2023-05-30,22,5,Q2,0,No Promotion
2023-05-31,22,5,Q2,0,No Promotion
2023-06-01,22,6,Q2,0,Anniversary Discount Days
2023-06-02,22,6,Q2,0,Anniversary Discount Days
2023-06-03,22,6,Q2,0,Anniversary Discount Days
2023-06-04,22,6,Q2,0,Winter Discount Days; Anniversary Discount Days
2023-06-05,23,6,Q2,0,Winter Discount Days; Anniversary Discount Days
2023-06-06,23,6,Q2,0,Winter Discount Days; Anniversary Discount Days
2023-06-07,23,6,Q2,0,Winter Discount Days; Anniversary Discount Days; Mega Offer
2023-06-08,23,6,Q2,0,Winter Discount Days; Anniversary Discount Days; Mega Offer
2023-06-09,23,6,Q2,0,Winter Discount Days; Anniversary Discount Days; Mega Offer
2023-06-10,23,6,Q2,0,Winter Discount Days; Anniversary Discount Days; Mega Offer
2023-06-11,23,6,Q2,0,Winter Discount Days; Mega Offer
2023-06-12,24,6,Q2,0,Mega Offer
2023-06-13,24,6,Q2,0,Mega Offer
2023-06-14,24,6,Q2,0,Mega Offer
2023-06-15,24,6,Q2,0,Mega Offer
2023-06-16,24,6,Q2,0,Mega Offer
2023-06-17,24,6,Q2,0,Mega Offer
2023-06-18,24,6,Q2,0,Mega Offer
2023-06-19,25,6,Q2,0,Mega Offer
2023-06-20,25,6,Q2,0,Mega Offer
2023-06-21,25,6,Q2,0,No Promotion
2023-06-22,25,6,Q2,0,No Promotion
2023-06-23,25,6,Q2,0,No Promotion
2023-06-24,25,6,Q2,0,No Promotion
2023-06-25,25,6,Q2,0,No Promotion
2023-06-26,26,6,Q2,0,No Promotion
2023-06-27,26,6,Q2,0,No Promotion
2023-06-28,26,6,Q2,0,Payday Deal Days
2023-06-29,26,6,Q2,0,Anniversary Offer; Payday Deal Days
2023-06-30,26,6,Q2,0,Anniversary Offer; Payday Deal Days
2023-07-01,26,7,Q3,0,Anniversary Offer; Payday Deal Days
2023-07-02,26,7,Q3,0,Anniversary Offer; Payday Deal Days
2023-07-03,27,7,Q3,0,Anniversary Offer; Payday Deal Days
2023-07-04,27,7,Q3,1,Anniversary Offer; Payday Deal Days
2023-07-05,27,7,Q3,0,Anniversary Offer; Payday Deal Days
2023-07-06,27,7,Q3,0,Anniversary Offer; Payday Deal Days
2023-07-07,27,7,Q3,0,Anniversary Offer; Payday Deal Days
2023-07-08,27,7,Q3,0,Anniversary Offer; Payday Deal Days
2023-07-09,27,7,Q3,0,Anniversary Offer
2023-07-10,28,7,Q3,0,Anniversary Offer
2023-07-11,28,7,Q3,0,Anniversary Offer
2023-07-12,28,7,Q3,0,Anniversary Offer
2023-07-13,28,7,Q3,0,Anniversary Offer
2023-07-14,28,7,Q3,0,Anniversary Offer
2023-07-15,28,7,Q3,0,Anniversary Offer
2023-07-16,28,7,Q3,0,Anniversary Offer; Grand Blowout
2023-07-17,29,7,Q3,0,Anniversary Offer; Grand Blowout
2023-07-18,29,7,Q3,0,Grand Blowout
2023-07-19,29,7,Q3,0,Grand Blowout
2023-07-20,29,7,Q3,0,Grand Blowout
2023-07-21,29,7,Q3,0,Grand Blowout
2023-07-22,29,7,Q3,0,Grand Blowout
2023-07-23,29,7,Q3,0,Back to School Offer; Grand Blowout
2023-07-24,30,7,Q3,0,Back to School Offer; Grand Blowout
2023-07-25,30,7,Q3,0,Back to School Offer; Grand Blowout
2023-07-26,30,7,Q3,0,Back to School Offer; Grand Blowout
2023-07-27,30,7,Q3,0,Back to School Offer; Grand Blowout
2023-07-28,30,7,Q3,0,Back to School Offer; Grand Blowout
2023-07-29,30,7,Q3,0,Back to School Offer; Grand Blowout
2023-07-30,30,7,Q3,0,Back to School Offer; Grand Blowout
2023-07-31,31,7,Q3,0,Back to School Offer; Grand Blowout
2023-08-01,31,8,Q3,0,Back to School Offer; Grand Blowout
2023-08-02,31,8,Q3,0,Back to School Offer; Grand Blowout
2023-08-03,31,8,Q3,0,Back to School Offer; Grand Blowout
2023-08-04,31,8,Q3,0,Back to School Offer; Grand Blowout
2023-08-05,31,8,Q3,0,Back to School Offer; Grand Blowout; Winter Blowout
2023-08-06,31,8,Q3,0,Back to School Offer; Grand Blowout; Winter Blowout
2023-08-07,32,8,Q3,0,Back to School Offer; Grand Blowout; Winter Blowout
2023-08-08,32,8,Q3,0,Back to School Offer; Grand Blowout; Winter Blowout
2023-08-09,32,8,Q3,0,Grand Blowout; Winter Blowout
2023-08-10,32,8,Q3,0,Grand Blowout; Winter Blowout
2023-08-11,32,8,Q3,0,Winter Blowout
2023-08-12,32,8,Q3,0,Winter Blowout
2023-08-13,32,8,Q3,0,Winter Blowout
2023-08-14,33,8,Q3,0,Winter Blowout
2023-08-15,33,8,Q3,0,Winter Blowout
2023-08-16,33,8,Q3,0,Winter Blowout
2023-08-17,33,8,Q3,0,Winter Blowout
2023-08-18,33,8,Q3,0,Flash Savings Event; Winter Blowout
2023-08-19,33,8,Q3,0,Spring Fest; Flash Savings Event; Winter Blowout
2023-08-20,33,8,Q3,0,Spring Fest; Flash Savings Event; Weekend Deal Days; Winter Blowout
2023-08-21,34,8,Q3,0,Spring Fest; Flash Savings Event; Weekend Deal Days; Winter Blowout
2023-08-22,34,8,Q3,0,Spring Fest; Flash Savings Event; Weekend Deal Days; Winter Blowout
2023-08-23,34,8,Q3,0,Spring Fest; Flash Savings Event; Weekend Deal Days; Winter Blowout
2023-08-24,34,8,Q3,0,Spring Fest; Flash Savings Event; Weekend Deal Days; Winter Blowout
2023-08-25,34,8,Q3,0,Spring Fest; Flash Savings Event; Weekend Deal Days; Winter Blowout
2023-08-26,34,8,Q3,0,Spring Fest; Flash Savings Event; Weekend Deal Days; Winter Blowout
2023-08-27,34,8,Q3,0,Spring Fest; Flash Savings Event; Weekend Deal Days; Winter Blowout
2023-08-28,35,8,Q3,0,Spring Fest; Flash Savings Event; Weekend Deal Days
2023-08-29,35,8,Q3,0,Spring Fest; Flash Savings Event; Weekend Deal Days
2023-08-30,35,8,Q3,0,Spring Fest; Flash Savings Event; Weekend Deal Days
2023-08-31,35,8,Q3,0,Spring Fest; Flash Savings Event; Weekend Deal Days
2023-09-01,35,9,Q3,0,Spring Fest; Flash Savings Event; Weekend Deal Days
2023-09-02,35,9,Q3,0,Spring Fest; Flash Savings Event; Weekend Deal Days
2023-09-03,35,9,Q3,0,Spring Fest; Weekend Deal Days
2023-09-04,36,9,Q3,0,Spring Fest
2023-09-05,36,9,Q3,0,Spring Fest
2023-09-06,36,9,Q3,0,Spring Fest
2023-09-07,36,9,Q3,0,Spring Fest
2023-09-08,36,9,Q3,0,Spring Fest
2023-09-09,36,9,Q3,0,Spring Fest
2023-09-10,36,9,Q3,0,Spring Fest
2023-09-11,37,9,Q3,0,Spring Fest
2023-09-12,37,9,Q3,0,Spring Fest; Festive Deal Days
2023-09-13,37,9,Q3,0,Spring Fest; Festive Deal Days
2023-09-14,37,9,Q3,0,Spring Fest; Festive Deal Days
2023-09-15,37,9,Q3,0,Spring Fest; Festive Deal Days
2023-09-16,37,9,Q3,0,Festive Deal Days
2023-09-17,37,9,Q3,0,Festive Deal Days
2023-09-18,38,9,Q3,0,Festive Deal Days
2023-09-19,38,9,Q3,0,Festive Deal Days
2023-09-20,38,9,Q3,0,Festive Deal Days
2023-09-21,38,9,Q3,0,Festive Deal Days
2023-09-22,38,9,Q3,0,Festive Deal Days
2023-09-23,38,9,Q3,0,Festive Deal Days; Summer Sale
2023-09-24,38,9,Q3,0,Festive Deal Days; Summer Sale
2023-09-25,39,9,Q3,0,Festive Deal Days; Summer Sale
2023-09-26,39,9,Q3,0,Festive Deal Days; Summer Sale
2023-09-27,39,9,Q3,0,Festive Deal Days; Summer Sale
2023-09-28,39,9,Q3,0,Festive Deal Days; Summer Sale
2023-09-29,39,9,Q3,0,Festive Deal Days; Summer Sale
2023-09-30,39,9,Q3,0,Festive Deal Days; Summer Sale
2023-10-01,39,10,Q4,0,Festive Deal Days; Summer Sale
2023-10-02,40,10,Q4,0,Festive Deal Days; Summer Sale
2023-10-03,40,10,Q4,0,Festive Deal Days; Summer Sale
2023-10-04,40,10,Q4,0,Summer Sale
2023-10-05,40,10,Q4,0,Summer Sale
2023-10-06,40,10,Q4,0,Summer Sale
2023-10-07,40,10,Q4,0,Summer Sale
2023-10-08,40,10,Q4,0,Summer Sale
2023-10-09,41,10,Q4,0,Summer Sale
2023-10-10,41,10,Q4,0,Summer Sale
2023-10-11,41,10,Q4,0,Summer Sale
2023-10-12,41,10,Q4,0,Summer Sale
2023-10-13,41,10,Q4,0,Summer Sale
2023-10-14,41,10,Q4,0,Summer Sale
2023-10-15,41,10,Q4,0,Anniversary Fest; Summer Sale
2023-10-16,42,10,Q4,0,Anniversary Fest
2023-10-17,42,10,Q4,0,Anniversary Fest
2023-10-18,42,10,Q4,0,Anniversary Fest
2023-10-19,42,10,Q4,0,Anniversary Fest; Weekend Offer
2023-10-20,42,10,Q4,0,Anniversary Fest; Weekend Offer
2023-10-21,42,10,Q4,0,Anniversary Fest; Weekend Offer
2023-10-22,42,10,Q4,0,Anniversary Fest; Weekend Offer
2023-10-23,43,10,Q4,0,Anniversary Fest; Weekend Offer
2023-10-24,43,10,Q4,0,Anniversary Fest; Weekend Offer
2023-10-25,43,10,Q4,0,Anniversary Fest
2023-10-26,43,10,Q4,0,Anniversary Fest
2023-10-27,43,10,Q4,0,Festive Fest; Anniversary Fest
2023-10-28,43,10,Q4,0,Festive Fest; Anniversary Fest
2023-10-29,43,10,Q4,0,Festive Fest; Anniversary Fest
2023-10-30,44,10,Q4,0,Festive Fest; Anniversary Fest
2023-10-31,44,10,Q4,0,Festive Fest; Anniversary Fest
2023-11-01,44,11,Q4,0,Festive Fest; Anniversary Fest
2023-11-02,44,11,Q4,0,Festive Fest; Anniversary Fest
2023-11-03,44,11,Q4,0,Festive Fest; Anniversary Fest; Back to School Discount Days
2023-11-04,44,11,Q4,0,Festive Fest; Anniversary Fest; Back to School Discount Days
2023-11-05,44,11,Q4,0,Festive Fest; Anniversary Fest; Back to School Discount Days
2023-11-06,45,11,Q4,0,Anniversary Fest; Anniversary Offer; Back to School Discount Days
2023-11-07,45,11,Q4,0,Anniversary Fest; Anniversary Offer; Back to School Discount Days
2023-11-08,45,11,Q4,0,Anniversary Fest; Anniversary Offer; Back to School Discount Days
2023-11-09,45,11,Q4,0,Anniversary Fest; Anniversary Offer; Back to School Discount Days
2023-11-10,45,11,Q4,0,Anniversary Offer; Back to School Discount Days
2023-11-11,45,11,Q4,0,Anniversary Offer; Back to School Discount Days
2023-11-12,45,11,Q4,0,Anniversary Offer; Back to School Discount Days
2023-11-13,46,11,Q4,0,Anniversary Offer; Back to School Discount Days
2023-11-14,46,11,Q4,0,Anniversary Offer; Back to School Discount Days
2023-11-15,46,11,Q4,0,Anniversary Offer; Back to School Discount Days
2023-11-16,46,11,Q4,0,Anniversary Offer; Back to School Discount Days
2023-11-17,46,11,Q4,0,Anniversary Offer; Back to School Discount Days
2023-11-18,46,11,Q4,0,Anniversary Offer; Back to School Discount Days
2023-11-19,46,11,Q4,0,Anniversary Offer
2023-11-20,47,11,Q4,0,Anniversary Offer
2023-11-21,47,11,Q4,0,Anniversary Offer
2023-11-22,47,11,Q4,0,Anniversary Offer
2023-11-23,47,11,Q4,0,Anniversary Offer
2023-11-24,47,11,Q4,0,Anniversary Offer
2023-11-25,47,11,Q4,0,Anniversary Offer
2023-11-26,47,11,Q4,0,Anniversary Offer
2023-11-27,48,11,Q4,0,Anniversary Offer
2023-11-28,48,11,Q4,0,Anniversary Offer
2023-11-29,48,11,Q4,0,Anniversary Offer
2023-11-30,48,11,Q4,0,Anniversary Offer
2023-12-01,48,12,Q4,0,No Promotion
2023-12-02,48,12,Q4,0,No Promotion
2023-12-03,48,12,Q4,0,Anniversary Savings Event
2023-12-04,49,12,Q4,0,Anniversary Savings Event
2023-12-05,49,12,Q4,0,Anniversary Savings Event
2023-12-06,49,12,Q4,0,Anniversary Savings Event
2023-12-07,49,12,Q4,0,Anniversary Savings Event
2023-12-08,49,12,Q4,0,Anniversary Savings Event
2023-12-09,49,12,Q4,0,Anniversary Savings Event
2023-12-10,49,12,Q4,0,No Promotion
2023-12-11,50,12,Q4,0,No Promotion
2023-12-12,50,12,Q4,0,No Promotion
2023-12-13,50,12,Q4,0,No Promotion
2023-12-14,50,12,Q4,0,No Promotion
2023-12-15,50,12,Q4,0,No Promotion
2023-12-16,50,12,Q4,0,No Promotion
2023-12-17,50,12,Q4,0,No Promotion
2023-12-18,51,12,Q4,0,No Promotion
2023-12-19,51,12,Q4,0,No Promotion
2023-12-20,51,12,Q4,0,No Promotion
2023-12-21,51,12,Q4,0,No Promotion
2023-12-22,51,12,Q4,0,No Promotion
2023-12-23,51,12,Q4,0,Year-End Offer
2023-12-24,51,12,Q4,0,Year-End Offer
2023-12-25,52,12,Q4,1,Super Sale; Year-End Offer
2023-12-26,52,12,Q4,1,Super Sale; Year-End Offer
2023-12-27,52,12,Q4,0,Super Sale; Year-End Offer
2023-12-28,52,12,Q4,0,Super Sale; Year-End Offer
2023-12-29,52,12,Q4,0,Super Sale; Year-End Offer
2023-12-30,52,12,Q4,0,Super Sale; Year-End Offer
2023-12-31,52,12,Q4,0,Super Sale; Year-End Offer
2024-01-01,1,1,Q1,1,Super Sale; Year-End Offer
2024-01-02,1,1,Q1,0,Super Sale; Year-End Offer
2024-01-03,1,1,Q1,0,Super Sale; Year-End Offer
2024-01-04,1,1,Q1,0,Super Sale
2024-01-05,1,1,Q1,0,Super Sale
2024-01-06,1,1,Q1,0,Super Sale
2024-01-07,1,1,Q1,0,Super Sale
2024-01-08,2,1,Q1,0,Super Sale
2024-01-09,2,1,Q1,0,Super Sale
2024-01-10,2,1,Q1,0,Super Sale
2024-01-11,2,1,Q1,0,Super Sale
2024-01-12,2,1,Q1,0,Super Sale
2024-01-13,2,1,Q1,0,Super Sale
2024-01-14,2,1,Q1,0,Super Sale
2024-01-15,3,1,Q1,0,Super Sale
2024-01-16,3,1,Q1,0,Super Sale
2024-01-17,3,1,Q1,0,No Promotion
2024-01-18,3,1,Q1,0,No Promotion
2024-01-19,3,1,Q1,0,No Promotion
2024-01-20,3,1,Q1,0,No Promotion
2024-01-21,3,1,Q1,0,No Promotion
2024-01-22,4,1,Q1,0,Spring Bonanza
2024-01-23,4,1,Q1,0,Spring Bonanza
2024-01-24,4,1,Q1,0,Spring Bonanza
2024-01-25,4,1,Q1,0,Clearance Offer; Spring Bonanza
2024-01-26,4,1,Q1,0,Clearance Offer; Spring Bonanza
2024-01-27,4,1,Q1,0,Clearance Offer; Spring Bonanza
2024-01-28,4,1,Q1,0,Clearance Offer; Spring Bonanza
2024-01-29,5,1,Q1,0,Clearance Offer; Spring Bonanza
2024-01-30,5,1,Q1,0,Clearance Offer; Spring Bonanza
2024-01-31,5,1,Q1,0,Clearance Offer
2024-02-01,5,2,Q1,0,Clearance Offer
2024-02-02,5,2,Q1,0,Clearance Offer
2024-02-03,5,2,Q1,0,Clearance Offer
2024-02-04,5,2,Q1,0,Clearance Offer
2024-02-05,6,2,Q1,0,No Promotion
2024-02-06,6,2,Q1,0,No Promotion
2024-02-07,6,2,Q1,0,No Promotion
2024-02-08,6,2,Q1,0,No Promotion
2024-02-09,6,2,Q1,0,No Promotion
2024-02-10,6,2,Q1,0,No Promotion
2024-02-11,6,2,Q1,0,No Promotion
2024-02-12,7,2,Q1,0,No Promotion
2024-02-13,7,2,Q1,0,No Promotion
2024-02-14,7,2,Q1,0,No Promotion
2024-02-15,7,2,Q1,0,No Promotion
2024-02-16,7,2,Q1,0,No Promotion
2024-02-17,7,2,Q1,0,No Promotion
2024-02-18,7,2,Q1,0,No Promotion
2024-02-19,8,2,Q1,0,No Promotion
2024-02-20,8,2,Q1,0,No Promotion
2024-02-21,8,2,Q1,0,No Promotion
2024-02-22,8,2,Q1,0,No Promotion
2024-02-23,8,2,Q1,0,No Promotion
2024-02-24,8,2,Q1,0,No Promotion
2024-02-25,8,2,Q1,0,No Promotion
2024-02-26,9,2,Q1,0,No Promotion
2024-02-27,9,2,Q1,0,No Promotion
2024-02-28,9,2,Q1,0,No Promotion
2024-02-29,9,2,Q1,0,No Promotion
2024-03-01,9,3,Q1,0,No Promotion
2024-03-02,9,3,Q1,0,No Promotion
2024-03-03,9,3,Q1,0,No Promotion
2024-03-04,10,3,Q1,0,No Promotion
2024-03-05,10,3,Q1,0,No Promotion
2024-03-06,10,3,Q1,0,Year-End Deal Days
2024-03-07,10,3,Q1,0,Year-End Deal Days
2024-03-08,10,3,Q1,0,Year-End Deal Days
2024-03-09,10,3,Q1,0,Year-End Deal Days
2024-03-10,10,3,Q1,0,Year-End Deal Days
2024-03-11,11,3,Q1,0,Year-End Deal Days
2024-03-12,11,3,Q1,0,Year-End Deal Days
2024-03-13,11,3,Q1,0,Year-End Deal Days
2024-03-14,11,3,Q1,0,Year-End Deal Days
2024-03-15,11,3,Q1,0,Year-End Deal Days
2024-03-16,11,3,Q1,0,Year-End Deal Days
2024-03-17,11,3,Q1,0,Year-End Deal Days
2024-03-18,12,3,Q1,0,Year-End Deal Days
2024-03-19,12,3,Q1,0,Year-End Deal Days
2024-03-20,12,3,Q1,0,Year-End Deal Days
2024-03-21,12,3,Q1,0,Year-End Deal Days
2024-03-22,12,3,Q1,0,Year-End Deal Days
2024-03-23,12,3,Q1,0,Festive Discount Days; Year-End Deal Days
2024-03-24,12,3,Q1,0,Festive Discount Days; Year-End Deal Days
2024-03-25,13,3,Q1,0,Festive Discount Days; Summer Offer; Year-End Deal Days
2024-03-26,13,3,Q1,0,Festive Discount Days; Summer Offer; Year-End Deal Days
2024-03-27,13,3,Q1,0,Festive Discount Days; Summer Offer; Year-End Deal Days
2024-03-28,13,3,Q1,0,Festive Discount Days; Summer Offer; Year-End Deal Days
2024-03-29,13,3,Q1,0,Festive Discount Days; Summer Offer; Year-End Deal Days
2024-03-30,13,3,Q1,0,Festive Discount Days; Summer Offer; Year-End Deal Days
2024-03-31,13,3,Q1,0,Festive Discount Days; Summer Offer; Year-End Deal Days
2024-04-01,14,4,Q2,0,Festive Discount Days; Summer Offer; Year-End Deal Days
2024-04-02,14,4,Q2,0,Festive Discount Days; Summer Offer; Year-End Deal Days
2024-04-03,14,4,Q2,0,Festive Discount Days; Summer Offer
2024-04-04,14,4,Q2,0,Festive Discount Days; Summer Offer
2024-04-05,14,4,Q2,0,Festive Discount Days; Summer Offer
2024-04-06,14,4,Q2,0,Festive Discount Days; Summer Offer
2024-04-07,14,4,Q2,0,Festive Discount Days; Summer Offer
2024-04-08,15,4,Q2,0,Festive Discount Days; Summer Offer
2024-04-09,15,4,Q2,0,Summer Offer
2024-04-10,15,4,Q2,0,Summer Offer
2024-04-11,15,4,Q2,0,Summer Offer
2024-04-12,15,4,Q2,0,Summer Offer
2024-04-13,15,4,Q2,0,Summer Offer
2024-04-14,15,4,Q2,0,Summer Offer
2024-04-15,16,4,Q2,0,Mega Deal Days; Summer Offer
2024-04-16,16,4,Q2,0,Mega Deal Days; Summer Offer
2024-04-17,16,4,Q2,0,Mega Deal Days; Summer Offer
2024-04-18,16,4,Q2,0,Year-End Fest; Mega Deal Days
2024-04-19,16,4,Q2,0,Year-End Fest; Mega Deal Days
2024-04-20,16,4,Q2,0,Year-End Fest; Mega Deal Days
2024-04-21,16,4,Q2,0,Year-End Fest; Mega Deal Days
2024-04-22,17,4,Q2,0,Year-End Fest; Mega Deal Days
2024-04-23,17,4,Q2,0,Year-End Fest; Mega Deal Days
2024-04-24,17,4,Q2,0,Year-End Fest; Mega Deal Days
2024-04-25,17,4,Q2,0,Mega Deal Days
2024-04-26,17,4,Q2,0,Mega Deal Days
2024-04-27,17,4,Q2,0,Mega Deal Days
2024-04-28,17,4,Q2,0,Mega Deal Days
2024-04-29,18,4,Q2,0,Mega Deal Days
2024-04-30,18,4,Q2,0,Mega Deal Days
2024-05-01,18,5,Q2,1,Mega Deal Days
2024-05-02,18,5,Q2,0,Mega Deal Days
2024-05-03,18,5,Q2,0,Mega Deal Days
2024-05-04,18,5,Q2,0,Mega Deal Days
2024-05-05,18,5,Q2,0,Mega Deal Days
2024-05-06,19,5,Q2,0,Mega Deal Days; Clearance Bonanza
2024-05-07,19,5,Q2,0,Mega Deal Days; Clearance Bonanza
2024-05-08,19,5,Q2,0,Mega Deal Days; Clearance Bonanza
2024-05-09,19,5,Q2,0,Mega Deal Days; Clearance Bonanza
2024-05-10,19,5,Q2,0,Anniversary Fest; Clearance Bonanza
2024-05-11,19,5,Q2,0,Anniversary Fest; Clearance Bonanza
2024-05-12,19,5,Q2,0,Anniversary Fest; Clearance Bonanza
2024-05-13,20,5,Q2,0,Anniversary Fest; Clearance Bonanza
2024-05-14,20,5,Q2,0,Anniversary Fest; Clearance Bonanza
2024-05-15,20,5,Q2,0,Anniversary Fest; Clearance Bonanza
2024-05-16,20,5,Q2,0,Anniversary Fest; Clearance Bonanza
2024-05-17,20,5,Q2,0,Anniversary Fest; Clearance Bonanza
2024-05-18,20,5,Q2,0,Anniversary Fest; Anniversary Sale; Clearance Bonanza
2024-05-19,20,5,Q2,0,Anniversary Fest; Anniversary Sale; Clearance Bonanza
2024-05-20,21,5,Q2,0,Anniversary Sale; Clearance Bonanza
2024-05-21,21,5,Q2,0,Anniversary Sale; Clearance Bonanza
2024-05-22,21,5,Q2,0,Anniversary Sale; Clearance Bonanza
2024-05-23,21,5,Q2,0,Anniversary Sale; Clearance Bonanza
2024-05-24,21,5,Q2,0,Anniversary Sale; Clearance Bonanza
2024-05-25,21,5,Q2,0,Anniversary Sale; Clearance Bonanza
2024-05-26,21,5,Q2,0,Anniversary Sale; Clearance Bonanza
2024-05-27,22,5,Q2,0,Anniversary Sale; Clearance Bonanza
2024-05-28,22,5,Q2,0,Anniversary Sale; Clearance Bonanza
2024-05-29,22,5,Q2,0,Anniversary Sale; Clearance Bonanza
2024-05-30,22,5,Q2,0,Anniversary Sale; Clearance Bonanza
2024-05-31,22,5,Q2,0,Anniversary Sale
2024-06-01,22,6,Q2,0,Anniversary Sale
2024-06-02,22,6,Q2,0,Anniversary Sale
2024-06-03,23,6,Q2,0,Anniversary Sale
2024-06-04,23,6,Q2,0,Anniversary Sale
2024-06-05,23,6,Q2,0,Anniversary Sale
2024-06-06,23,6,Q2,0,Anniversary Sale
2024-06-07,23,6,Q2,0,Anniversary Sale
2024-06-08,23,6,Q2,0,Anniversary Sale
2024-06-09,23,6,Q2,0,Anniversary Sale
2024-06-10,24,6,Q2,0,Anniversary Sale
2024-06-11,24,6,Q2,0,Anniversary Sale
2024-06-12,24,6,Q2,0,Anniversary Sale
2024-06-13,24,6,Q2,0,Anniversary Bonanza; Anniversary Sale
2024-06-14,24,6,Q2,0,Anniversary Bonanza; Anniversary Sale
2024-06-15,24,6,Q2,0,Anniversary Bonanza; Anniversary Sale
2024-06-16,24,6,Q2,0,Anniversary Bonanza
2024-06-17,25,6,Q2,0,Anniversary Bonanza
2024-06-18,25,6,Q2,0,Anniversary Bonanza; Mega Bonanza
2024-06-19,25,6,Q2,0,Anniversary Bonanza; Mega Bonanza
2024-06-20,25,6,Q2,0,Anniversary Bonanza; Mega Bonanza
2024-06-21,25,6,Q2,0,Anniversary Bonanza; Payday Discount Days; Mega Bonanza
2024-06-22,25,6,Q2,0,Anniversary Bonanza; Payday Discount Days; Mega Bonanza
2024-06-23,25,6,Q2,0,Anniversary Bonanza; Payday Discount Days; Mega Bonanza
2024-06-24,26,6,Q2,0,Anniversary Bonanza; Payday Discount Days; Mega Bonanza
2024-06-25,26,6,Q2,0,Anniversary Bonanza; Payday Discount Days; Mega Bonanza
2024-06-26,26,6,Q2,0,Anniversary Bonanza; Grand Bonanza; Payday Discount Days; Mega Bonanza
2024-06-27,26,6,Q2,0,Anniversary Bonanza; Grand Bonanza; Payday Discount Days; Mega Bonanza
2024-06-28,26,6,Q2,0,Anniversary Bonanza; Grand Bonanza; Payday Discount Days; Mega Bonanza
2024-06-29,26,6,Q2,0,Anniversary Bonanza; Grand Bonanza; Payday Discount Days; Mega Bonanza
2024-06-30,26,6,Q2,0,Anniversary Bonanza; Grand Bonanza; Payday Discount Days; Mega Bonanza
2024-07-01,27,7,Q3,0,Anniversary Bonanza; Grand Bonanza; Payday Discount Days; Mega Bonanza
2024-07-02,27,7,Q3,0,Anniversary Bonanza; Grand Bonanza; Payday Discount Days; Mega Bonanza
2024-07-03,27,7,Q3,0,Anniversary Bonanza; Grand Bonanza; Payday Discount Days; Mega Bonanza
2024-07-04,27,7,Q3,1,Anniversary Bonanza; Grand Bonanza; Payday Discount Days; Mega Bonanza
2024-07-05,27,7,Q3,0,Anniversary Bonanza; Grand Bonanza; Payday Discount Days; Mega Bonanza
2024-07-06,27,7,Q3,0,Anniversary Bonanza; Grand Bonanza; Payday Discount Days; Mega Bonanza
2024-07-07,27,7,Q3,0,Anniversary Bonanza; Grand Bonanza; Payday Discount Days; Mega Bonanza
2024-07-08,28,7,Q3,0,Anniversary Bonanza; Grand Bonanza; Payday Discount Days; Mega Bonanza
2024-07-09,28,7,Q3,0,Anniversary Bonanza; Grand Bonanza; Payday Discount Days; Mega Bonanza
2024-07-10,28,7,Q3,0,Anniversary Bonanza; Grand Bonanza; Payday Discount Days; Mega Bonanza
2024-07-11,28,7,Q3,0,Anniversary Bonanza; Grand Bonanza; Payday Discount Days; Mega Bonanza
2024-07-12,28,7,Q3,0,Grand Bonanza; Payday Discount Days; Mega Bonanza
2024-07-13,28,7,Q3,0,Grand Bonanza; Payday Discount Days
2024-07-14,28,7,Q3,0,Grand Bonanza; Payday Discount Days
2024-07-15,29,7,Q3,0,Grand Bonanza; Payday Discount Days
2024-07-16,29,7,Q3,0,Payday Discount Days
2024-07-17,29,7,Q3,0,Payday Discount Days
2024-07-18,29,7,Q3,0,Payday Discount Days
2024-07-19,29,7,Q3,0,Payday Discount Days
2024-07-20,29,7,Q3,0,Payday Discount Days
2024-07-21,29,7,Q3,0,No Promotion
2024-07-22,30,7,Q3,0,No Promotion
2024-07-23,30,7,Q3,0,No Promotion
2024-07-24,30,7,Q3,0,Flash Sale
2024-07-25,30,7,Q3,0,Flash Sale
2024-07-26,30,7,Q3,0,Flash Sale
2024-07-27,30,7,Q3,0,Flash Sale
2024-07-28,30,7,Q3,0,Spring Discount Days; Flash Sale
2024-07-29,31,7,Q3,0,Spring Discount Days; Flash Sale; Payday Offer
2024-07-30,31,7,Q3,0,Spring Discount Days; Flash Sale; Payday Offer
2024-07-31,31,7,Q3,0,Spring Discount Days; Payday Offer
2024-08-01,31,8,Q3,0,Spring Discount Days; Payday Offer
2024-08-02,31,8,Q3,0,Spring Discount Days; Payday Offer
2024-08-03,31,8,Q3,0,Payday Offer
2024-08-04,31,8,Q3,0,Payday Offer
2024-08-05,32,8,Q3,0,Payday Offer
2024-08-06,32,8,Q3,0,Payday Offer
2024-08-07,32,8,Q3,0,Payday Offer
2024-08-08,32,8,Q3,0,Payday Offer
2024-08-09,32,8,Q3,0,Payday Offer
2024-08-10,32,8,Q3,0,Payday Offer
2024-08-11,32,8,Q3,0,Payday Offer
2024-08-12,33,8,Q3,0,Payday Offer
2024-08-13,33,8,Q3,0,Payday Offer
2024-08-14,33,8,Q3,0,Payday Offer
2024-08-15,33,8,Q3,0,Payday Offer
2024-08-16,33,8,Q3,0,Payday Offer
2024-08-17,33,8,Q3,0,Payday Offer
2024-08-18,33,8,Q3,0,Payday Offer
2024-08-19,34,8,Q3,0,Payday Offer
2024-08-20,34,8,Q3,0,Payday Offer
2024-08-21,34,8,Q3,0,Payday Offer
2024-08-22,34,8,Q3,0,Payday Offer
2024-08-23,34,8,Q3,0,Payday Offer
2024-08-24,34,8,Q3,0,Payday Offer
2024-08-25,34,8,Q3,0,Payday Offer
2024-08-26,35,8,Q3,0,Payday Offer
2024-08-27,35,8,Q3,0,Payday Offer
2024-08-28,35,8,Q3,0,No Promotion
2024-08-29,35,8,Q3,0,No Promotion
2024-08-30,35,8,Q3,0,No Promotion
2024-08-31,35,8,Q3,0,No Promotion
2024-09-01,35,9,Q3,0,No Promotion
2024-09-02,36,9,Q3,0,No Promotion
2024-09-03,36,9,Q3,0,No Promotion
2024-09-04,36,9,Q3,0,No Promotion
2024-09-05,36,9,Q3,0,No Promotion
2024-09-06,36,9,Q3,0,No Promotion
2024-09-07,36,9,Q3,0,No Promotion
2024-09-08,36,9,Q3,0,No Promotion
2024-09-09,37,9,Q3,0,No Promotion
2024-09-10,37,9,Q3,0,No Promotion
2024-09-11,37,9,Q3,0,No Promotion
2024-09-12,37,9,Q3,0,No Promotion
2024-09-13,37,9,Q3,0,No Promotion
2024-09-14,37,9,Q3,0,No Promotion
2024-09-15,37,9,Q3,0,No Promotion
2024-09-16,38,9,Q3,0,No Promotion
2024-09-17,38,9,Q3,0,No Promotion
2024-09-18,38,9,Q3,0,No Promotion
2024-09-19,38,9,Q3,0,No Promotion
2024-09-20,38,9,Q3,0,No Promotion
2024-09-21,38,9,Q3,0,No Promotion
2024-09-22,38,9,Q3,0,No Promotion
2024-09-23,39,9,Q3,0,Mega Fest
2024-09-24,39,9,Q3,0,Mega Fest
2024-09-25,39,9,Q3,0,Mega Fest
2024-09-26,39,9,Q3,0,Spring Blowout; Mid-Season Discount Days; Mega Fest
2024-09-27,39,9,Q3,0,Spring Blowout; Mid-Season Discount Days; Mega Fest
2024-09-28,39,9,Q3,0,Spring Blowout; Mid-Season Discount Days; Mega Fest
2024-09-29,39,9,Q3,0,Spring Blowout; Mid-Season Discount Days; Mega Fest
2024-09-30,40,9,Q3,0,Spring Blowout; Mid-Season Discount Days; Mega Fest
2024-10-01,40,10,Q4,0,Spring Blowout; Mid-Season Discount Days; Mega Fest
2024-10-02,40,10,Q4,0,Spring Blowout; Mid-Season Discount Days; Mega Fest
2024-10-03,40,10,Q4,0,Spring Blowout; Mid-Season Discount Days; Mega Fest
2024-10-04,40,10,Q4,0,Spring Blowout; Mid-Season Discount Days; Mega Fest
2024-10-05,40,10,Q4,0,Spring Blowout; Mid-Season Discount Days; Mega Fest
2024-10-06,40,10,Q4,0,Spring Blowout; Mid-Season Discount Days; Mega Fest
2024-10-07,41,10,Q4,0,Spring Blowout; Mega Fest
2024-10-08,41,10,Q4,0,Spring Blowout; Mega Fest
2024-10-09,41,10,Q4,0,Spring Blowout
2024-10-10,41,10,Q4,0,Spring Blowout
2024-10-11,41,10,Q4,0,Spring Blowout
2024-10-12,41,10,Q4,0,Spring Blowout
2024-10-13,41,10,Q4,0,Spring Blowout
2024-10-14,42,10,Q4,0,Spring Blowout
2024-10-15,42,10,Q4,0,No Promotion
2024-10-16,42,10,Q4,0,No Promotion
2024-10-17,42,10,Q4,0,No Promotion
2024-10-18,42,10,Q4,0,No Promotion
2024-10-19,42,10,Q4,0,No Promotion
2024-10-20,42,10,Q4,0,No Promotion
2024-10-21,43,10,Q4,0,No Promotion
2024-10-22,43,10,Q4,0,Mega Fest; Flash Offer
2024-10-23,43,10,Q4,0,Mega Fest; Flash Offer
2024-10-24,43,10,Q4,0,Mega Fest; Flash Offer
2024-10-25,43,10,Q4,0,Mega Fest; Flash Offer
2024-10-26,43,10,Q4,0,Mega Fest; Flash Offer
2024-10-27,43,10,Q4,0,Mega Fest; Flash Offer
2024-10-28,44,10,Q4,0,Mega Fest; Flash Offer
2024-10-29,44,10,Q4,0,Mega Fest; Flash Offer
2024-10-30,44,10,Q4,0,Grand Blowout; Mega Fest; Flash Offer
2024-10-31,44,10,Q4,0,Grand Blowout; Mega Fest; Flash Offer
2024-11-01,44,11,Q4,0,Grand Blowout; Mega Fest; Flash Offer
2024-11-02,44,11,Q4,0,Grand Blowout; Mega Fest; Flash Offer
2024-11-03,44,11,Q4,0,Grand Blowout; Mega Fest; Flash Offer
2024-11-04,45,11,Q4,0,Grand Blowout; Mega Fest; Flash Offer
2024-11-05,45,11,Q4,0,Grand Blowout; Mega Fest; Flash Offer
2024-11-06,45,11,Q4,0,Grand Blowout; Mega Fest
2024-11-07,45,11,Q4,0,Grand Blowout; Mega Fest
2024-11-08,45,11,Q4,0,Grand Blowout; Mega Fest
2024-11-09,45,11,Q4,0,Grand Blowout; Mega Fest
2024-11-10,45,11,Q4,0,Grand Blowout; Mega Fest
2024-11-11,46,11,Q4,0,Grand Blowout
2024-11-12,46,11,Q4,0,Grand Blowout
2024-11-13,46,11,Q4,0,Grand Blowout
2024-11-14,46,11,Q4,0,Grand Blowout
2024-11-15,46,11,Q4,0,Grand Blowout
2024-11-16,46,11,Q4,0,Grand Blowout
2024-11-17,46,11,Q4,0,Grand Blowout
2024-11-18,47,11,Q4,0,Grand Blowout
2024-11-19,47,11,Q4,0,Grand Blowout
2024-11-20,47,11,Q4,0,Grand Blowout
2024-11-21,47,11,Q4,0,Grand Blowout
2024-11-22,47,11,Q4,0,Grand Blowout
2024-11-23,47,11,Q4,0,Grand Blowout
2024-11-24,47,11,Q4,0,Grand Blowout
2024-11-25,48,11,Q4,0,Grand Blowout
2024-11-26,48,11,Q4,0,Grand Blowout
2024-11-27,48,11,Q4,0,No Promotion
2024-11-28,48,11,Q4,0,No Promotion
2024-11-29,48,11,Q4,0,No Promotion
2024-11-30,48,11,Q4,0,No Promotion
2024-12-01,48,12,Q4,0,No Promotion
2024-12-02,49,12,Q4,0,No Promotion
2024-12-03,49,12,Q4,0,No Promotion
2024-12-04,49,12,Q4,0,No Promotion
2024-12-05,49,12,Q4,0,No Promotion
2024-12-06,49,12,Q4,0,No Promotion
2024-12-07,49,12,Q4,0,No Promotion
2024-12-08,49,12,Q4,0,No Promotion
2024-12-09,50,12,Q4,0,No Promotion
2024-12-10,50,12,Q4,0,No Promotion
2024-12-11,50,12,Q4,0,No Promotion
2024-12-12,50,12,Q4,0,No Promotion
2024-12-13,50,12,Q4,0,No Promotion
2024-12-14,50,12,Q4,0,No Promotion
2024-12-15,50,12,Q4,0,No Promotion
2024-12-16,51,12,Q4,0,No Promotion
2024-12-17,51,12,Q4,0,No Promotion
2024-12-18,51,12,Q4,0,No Promotion
2024-12-19,51,12,Q4,0,No Promotion
2024-12-20,51,12,Q4,0,No Promotion
2024-12-21,51,12,Q4,0,No Promotion
2024-12-22,51,12,Q4,0,No Promotion
2024-12-23,52,12,Q4,0,No Promotion
2024-12-24,52,12,Q4,0,No Promotion
2024-12-25,52,12,Q4,1,No Promotion
2024-12-26,52,12,Q4,1,No Promotion
2024-12-27,52,12,Q4,0,No Promotion
2024-12-28,52,12,Q4,0,No Promotion
2024-12-29,52,12,Q4,0,No Promotion
2024-12-30,1,12,Q4,0,No Promotion
2024-12-31,1,12,Q4,0,No Promotion
2025-01-01,1,1,Q1,1,No Promotion
2025-01-02,1,1,Q1,0,No Promotion
2025-01-03,1,1,Q1,0,No Promotion
2025-01-04,1,1,Q1,0,No Promotion
2025-01-05,1,1,Q1,0,No Promotion
2025-01-06,2,1,Q1,0,Festive Bonanza
2025-01-07,2,1,Q1,0,Festive Bonanza
2025-01-08,2,1,Q1,0,Festive Bonanza
2025-01-09,2,1,Q1,0,Festive Bonanza
2025-01-10,2,1,Q1,0,Festive Bonanza
2025-01-11,2,1,Q1,0,Festive Bonanza
2025-01-12,2,1,Q1,0,Festive Bonanza
2025-01-13,3,1,Q1,0,Festive Bonanza
2025-01-14,3,1,Q1,0,Payday Discount Days; Festive Bonanza
2025-01-15,3,1,Q1,0,Payday Discount Days; Festive Bonanza
2025-01-16,3,1,Q1,0,Payday Discount Days; Festive Bonanza
2025-01-17,3,1,Q1,0,Payday Discount Days; Festive Bonanza
2025-01-18,3,1,Q1,0,Payday Discount Days; Festive Bonanza
2025-01-19,3,1,Q1,0,Festive Savings Event; Payday Discount Days; Festive Bonanza
2025-01-20,4,1,Q1,0,Festive Savings Event; Payday Discount Days; Festive Bonanza
2025-01-21,4,1,Q1,0,Festive Savings Event; Payday Discount Days; Festive Bonanza
2025-01-22,4,1,Q1,0,Festive Savings Event; Payday Discount Days; Festive Bonanza
2025-01-23,4,1,Q1,0,Festive Savings Event; Payday Discount Days; Festive Bonanza
2025-01-24,4,1,Q1,0,Festive Savings Event; Payday Discount Days; Festive Bonanza
2025-01-25,4,1,Q1,0,Festive Savings Event; Payday Discount Days; Festive Bonanza
2025-01-26,4,1,Q1,0,Festive Savings Event; Payday Discount Days; Festive Bonanza
2025-01-27,5,1,Q1,0,Festive Savings Event; Payday Discount Days; Festive Bonanza
2025-01-28,5,1,Q1,0,Festive Savings Event; Payday Discount Days; Festive Bonanza
2025-01-29,5,1,Q1,0,Festive Savings Event; Payday Discount Days; Festive Bonanza
2025-01-30,5,1,Q1,0,Festive Savings Event; Payday Discount Days; Festive Bonanza
2025-01-31,5,1,Q1,0,Festive Savings Event; Payday Discount Days; Festive Bonanza
2025-02-01,5,2,Q1,0,Festive Savings Event; Festive Bonanza
2025-02-02,5,2,Q1,0,Festive Savings Event; Festive Bonanza
2025-02-03,6,2,Q1,0,Festive Savings Event; Festive Bonanza
2025-02-04,6,2,Q1,0,Festive Savings Event; Mid-Season Blowout
2025-02-05,6,2,Q1,0,Festive Savings Event; Mid-Season Blowout
2025-02-06,6,2,Q1,0,Festive Savings Event; Mid-Season Blowout
2025-02-07,6,2,Q1,0,Festive Savings Event; Mid-Season Blowout; Mid-Season Deal Days
2025-02-08,6,2,Q1,0,Festive Savings Event; Mid-Season Blowout; Mid-Season Deal Days
2025-02-09,6,2,Q1,0,Festive Savings Event; Mid-Season Blowout; Mid-Season Deal Days
2025-02-10,7,2,Q1,0,Mid-Season Blowout; Mid-Season Deal Days
2025-02-11,7,2,Q1,0,Mid-Season Blowout; Mid-Season Deal Days
2025-02-12,7,2,Q1,0,Mid-Season Blowout; Mid-Season Deal Days; Weekend Bonanza
2025-02-13,7,2,Q1,0,Mid-Season Blowout; Mid-Season Deal Days; Weekend Bonanza
2025-02-14,7,2,Q1,0,Mid-Season Blowout; Mid-Season Deal Days; Year-End Deal Days; Weekend Bonanza
2025-02-15,7,2,Q1,0,Mid-Season Blowout; Mid-Season Deal Days; Year-End Deal Days; Weekend Bonanza
2025-02-16,7,2,Q1,0,Mid-Season Blowout; Mid-Season Deal Days; Year-End Deal Days; Weekend Bonanza
2025-02-17,8,2,Q1,0,Mid-Season Blowout; Mid-Season Deal Days; Year-End Deal Days; Weekend Bonanza
2025-02-18,8,2,Q1,0,Mid-Season Blowout; Mid-Season Deal Days; Year-End Deal Days; Weekend Bonanza
2025-02-19,8,2,Q1,0,Mid-Season Blowout; Mid-Season Deal Days; Year-End Deal Days; Weekend Bonanza
2025-02-20,8,2,Q1,0,Mid-Season Blowout; Mid-Season Deal Days; Year-End Deal Days; Weekend Bonanza
2025-02-21,8,2,Q1,0,Mid-Season Blowout; Mid-Season Deal Days; Year-End Deal Days; Weekend Bonanza
2025-02-22,8,2,Q1,0,Mid-Season Blowout; Mid-Season Deal Days; Year-End Deal Days; Weekend Bonanza
2025-02-23,8,2,Q1,0,Mid-Season Blowout; Mid-Season Deal Days; Year-End Deal Days; Weekend Bonanza
2025-02-24,9,2,Q1,0,Mid-Season Deal Days; Year-End Deal Days; Weekend Bonanza
2025-02-25,9,2,Q1,0,Year-End Deal Days; Weekend Bonanza
2025-02-26,9,2,Q1,0,Year-End Deal Days; Weekend Bonanza
2025-02-27,9,2,Q1,0,Year-End Deal Days; Weekend Bonanza
2025-02-28,9,2,Q1,0,Year-End Deal Days; Weekend Bonanza
2025-03-01,9,3,Q1,0,Year-End Deal Days; Weekend Bonanza
2025-03-02,9,3,Q1,0,Year-End Deal Days; Weekend Bonanza
2025-03-03,10,3,Q1,0,Year-End Deal Days; Weekend Bonanza
2025-03-04,10,3,Q1,0,Year-End Deal Days; Weekend Bonanza
2025-03-05,10,3,Q1,0,Year-End Deal Days; Weekend Bonanza
2025-03-06,10,3,Q1,0,Weekend Bonanza
2025-03-07,10,3,Q1,0,Weekend Bonanza
2025-03-08,10,3,Q1,0,Anniversary Offer; Weekend Bonanza
2025-03-09,10,3,Q1,0,Anniversary Offer; Weekend Bonanza
2025-03-10,11,3,Q1,0,Anniversary Offer
2025-03-11,11,3,Q1,0,Anniversary Offer
2025-03-12,11,3,Q1,0,Anniversary Offer
2025-03-13,11,3,Q1,0,Anniversary Offer
2025-03-14,11,3,Q1,0,Anniversary Offer
2025-03-15,11,3,Q1,0,Anniversary Offer
2025-03-16,11,3,Q1,0,Anniversary Offer
2025-03-17,12,3,Q1,0,Anniversary Offer
2025-03-18,12,3,Q1,0,Anniversary Offer
2025-03-19,12,3,Q1,0,Anniversary Offer
2025-03-20,12,3,Q1,0,Anniversary Offer
2025-03-21,12,3,Q1,0,Anniversary Offer
2025-03-22,12,3,Q1,0,Anniversary Offer
2025-03-23,12,3,Q1,0,Anniversary Offer
2025-03-24,13,3,Q1,0,Anniversary Offer; Mid-Season Discount Days
2025-03-25,13,3,Q1,0,Anniversary Offer; Mid-Season Discount Days
2025-03-26,13,3,Q1,0,Anniversary Offer; Mid-Season Discount Days
2025-03-27,13,3,Q1,0,Anniversary Offer; Mid-Season Discount Days
2025-03-28,13,3,Q1,0,Anniversary Offer; Mid-Season Discount Days
2025-03-29,13,3,Q1,0,Anniversary Offer; Mid-Season Discount Days
2025-03-30,13,3,Q1,0,Anniversary Offer; Mid-Season Discount Days
2025-03-31,14,3,Q1,0,Anniversary Offer; Mid-Season Discount Days
2025-04-01,14,4,Q2,0,Anniversary Offer; Mid-Season Discount Days
2025-04-02,14,4,Q2,0,Anniversary Offer; Mid-Season Discount Days
2025-04-03,14,4,Q2,0,Mid-Season Discount Days
2025-04-04,14,4,Q2,0,Mid-Season Discount Days
2025-04-05,14,4,Q2,0,Mid-Season Discount Days
2025-04-06,14,4,Q2,0,Mid-Season Discount Days
2025-04-07,15,4,Q2,0,Mid-Season Discount Days
2025-04-08,15,4,Q2,0,Mid-Season Discount Days
2025-04-09,15,4,Q2,0,Mid-Season Discount Days
2025-04-10,15,4,Q2,0,Mid-Season Discount Days
2025-04-11,15,4,Q2,0,Mid-Season Discount Days
2025-04-12,15,4,Q2,0,Mid-Season Discount Days
2025-04-13,15,4,Q2,0,Mid-Season Discount Days
2025-04-14,16,4,Q2,0,Mid-Season Discount Days
2025-04-15,16,4,Q2,0,No Promotion
2025-04-16,16,4,Q2,0,No Promotion
2025-04-17,16,4,Q2,0,No Promotion
2025-04-18,16,4,Q2,0,No Promotion
2025-04-19,16,4,Q2,0,No Promotion
2025-04-20,16,4,Q2,0,No Promotion
2025-04-21,17,4,Q2,0,No Promotion
2025-04-22,17,4,Q2,0,Mega Savings Event
2025-04-23,17,4,Q2,0,Mega Savings Event
2025-04-24,17,4,Q2,0,Mega Savings Event
2025-04-25,17,4,Q2,0,Mega Savings Event
2025-04-26,17,4,Q2,0,Mega Savings Event
2025-04-27,17,4,Q2,0,Mega Savings Event
2025-04-28,18,4,Q2,0,Mega Savings Event
2025-04-29,18,4,Q2,0,Mega Savings Event
2025-04-30,18,4,Q2,0,Payday Discount Days; Mega Savings Event
2025-05-01,18,5,Q2,1,Payday Discount Days; Mega Savings Event
2025-05-02,18,5,Q2,0,Payday Discount Days
2025-05-03,18,5,Q2,0,Payday Discount Days
2025-05-04,18,5,Q2,0,Payday Discount Days; Year-End Sale
2025-05-05,19,5,Q2,0,Payday Discount Days; Year-End Sale
2025-05-06,19,5,Q2,0,Payday Discount Days; Year-End Sale
2025-05-07,19,5,Q2,0,Payday Discount Days; Year-End Sale
2025-05-08,19,5,Q2,0,Payday Discount Days; Year-End Sale
2025-05-09,19,5,Q2,0,Payday Discount Days; Year-End Sale
2025-05-10,19,5,Q2,0,Payday Discount Days; Year-End Sale
2025-05-11,19,5,Q2,0,Payday Discount Days; Year-End Sale
2025-05-12,20,5,Q2,0,Payday Discount Days; Year-End Sale
2025-05-13,20,5,Q2,0,Payday Discount Days; Year-End Sale
2025-05-14,20,5,Q2,0,Payday Discount Days; Year-End Sale
2025-05-15,20,5,Q2,0,Payday Discount Days; Year-End Sale
2025-05-16,20,5,Q2,0,Payday Discount Days; Year-End Sale
2025-05-17,20,5,Q2,0,Payday Discount Days; Year-End Sale
2025-05-18,20,5,Q2,0,Payday Discount Days; Year-End Sale
2025-05-19,21,5,Q2,0,Payday Discount Days; Year-End Sale
2025-05-20,21,5,Q2,0,Payday Discount Days; Year-End Sale
2025-05-21,21,5,Q2,0,Payday Discount Days; Year-End Sale
2025-05-22,21,5,Q2,0,Payday Discount Days; Year-End Sale
2025-05-23,21,5,Q2,0,Payday Discount Days; Year-End Sale
2025-05-24,21,5,Q2,0,Payday Discount Days
2025-05-25,21,5,Q2,0,Payday Discount Days
2025-05-26,22,5,Q2,0,Payday Discount Days; Year-End Deal Days
2025-05-27,22,5,Q2,0,Year-End Deal Days
2025-05-28,22,5,Q2,0,Year-End Deal Days
2025-05-29,22,5,Q2,0,Year-End Deal Days
2025-05-30,22,5,Q2,0,Year-End Deal Days
2025-05-31,22,5,Q2,0,Year-End Deal Days
2025-06-01,22,6,Q2,0,Year-End Deal Days
2025-06-02,23,6,Q2,0,No Promotion
2025-06-03,23,6,Q2,0,No Promotion
2025-06-04,23,6,Q2,0,No Promotion
2025-06-05,23,6,Q2,0,No Promotion
2025-06-06,23,6,Q2,0,No Promotion
2025-06-07,23,6,Q2,0,Super Sale
2025-06-08,23,6,Q2,0,Super Sale
2025-06-09,24,6,Q2,0,Super Sale
2025-06-10,24,6,Q2,0,Super Sale
2025-06-11,24,6,Q2,0,Super Sale
2025-06-12,24,6,Q2,0,Super Sale
2025-06-13,24,6,Q2,0,Super Sale
2025-06-14,24,6,Q2,0,Super Sale
2025-06-15,24,6,Q2,0,Super Sale
2025-06-16,25,6,Q2,0,Super Sale
2025-06-17,25,6,Q2,0,Super Sale
2025-06-18,25,6,Q2,0,No Promotion
2025-06-19,25,6,Q2,0,No Promotion
2025-06-20,25,6,Q2,0,No Promotion
2025-06-21,25,6,Q2,0,Flash Blowout
2025-06-22,25,6,Q2,0,Flash Blowout
2025-06-23,26,6,Q2,0,Flash Blowout
2025-06-24,26,6,Q2,0,Flash Blowout
2025-06-25,26,6,Q2,0,Flash Blowout
2025-06-26,26,6,Q2,0,Flash Blowout
2025-06-27,26,6,Q2,0,Flash Blowout
2025-06-28,26,6,Q2,0,Flash Blowout
2025-06-29,26,6,Q2,0,Flash Blowout
2025-06-30,27,6,Q2,0,Flash Blowout
2025-07-01,27,7,Q3,0,Flash Blowout
2025-07-02,27,7,Q3,0,Flash Blowout
2025-07-03,27,7,Q3,0,Flash Blowout
2025-07-04,27,7,Q3,1,Flash Blowout
2025-07-05,27,7,Q3,0,Flash Blowout
2025-07-06,27,7,Q3,0,Flash Blowout
2025-07-07,28,7,Q3,0,Flash Blowout
2025-07-08,28,7,Q3,0,Flash Blowout
2025-07-09,28,7,Q3,0,Flash Blowout
2025-07-10,28,7,Q3,0,Flash Blowout
2025-07-11,28,7,Q3,0,No Promotion
2025-07-12,28,7,Q3,0,No Promotion
2025-07-13,28,7,Q3,0,No Promotion
2025-07-14,29,7,Q3,0,No Promotion
2025-07-15,29,7,Q3,0,No Promotion
2025-07-16,29,7,Q3,0,Super Savings Event
2025-07-17,29,7,Q3,0,Super Savings Event
2025-07-18,29,7,Q3,0,Super Savings Event
2025-07-19,29,7,Q3,0,Super Savings Event
2025-07-20,29,7,Q3,0,Super Savings Event
2025-07-21,30,7,Q3,0,Super Savings Event
2025-07-22,30,7,Q3,0,Super Savings Event
2025-07-23,30,7,Q3,0,Super Savings Event
2025-07-24,30,7,Q3,0,Super Savings Event; Back to School Sale
2025-07-25,30,7,Q3,0,Super Savings Event; Back to School Sale
2025-07-26,30,7,Q3,0,Super Savings Event; Back to School Sale
2025-07-27,30,7,Q3,0,Super Savings Event; Back to School Sale
2025-07-28,31,7,Q3,0,Super Savings Event; Back to School Sale
2025-07-29,31,7,Q3,0,Super Savings Event; Back to School Sale; Back to School Bonanza
2025-07-30,31,7,Q3,0,Back to School Sale; Back to School Bonanza
2025-07-31,31,7,Q3,0,Back to School Sale; Back to School Bonanza
2025-08-01,31,8,Q3,0,Back to School Sale; Back to School Bonanza
2025-08-02,31,8,Q3,0,Summer Fest; Back to School Sale; Back to School Bonanza
2025-08-03,31,8,Q3,0,Summer Fest; Back to School Sale; Back to School Bonanza
2025-08-04,32,8,Q3,0,Summer Fest; Back to School Sale; Back to School Bonanza
2025-08-05,32,8,Q3,0,Summer Fest; Back to School Sale; Winter Savings Event; Back to School Bonanza
2025-08-06,32,8,Q3,0,Summer Fest; Back to School Sale; Winter Savings Event; Back to School Bonanza
2025-08-07,32,8,Q3,0,Summer Fest; Back to School Sale; Winter Savings Event; Back to School Bonanza
2025-08-08,32,8,Q3,0,Summer Fest; Back to School Sale; Winter Savings Event; Back to School Bonanza
2025-08-09,32,8,Q3,0,Summer Fest; Back to School Sale; Winter Savings Event; Back to School Bonanza
2025-08-10,32,8,Q3,0,Summer Fest; Back to School Sale; Winter Savings Event; Back to School Bonanza
2025-08-11,33,8,Q3,0,Summer Fest; Back to School Sale; Winter Savings Event; Back to School Bonanza
2025-08-12,33,8,Q3,0,Summer Fest; Back to School Sale; Winter Savings Event; Back to School Bonanza
2025-08-13,33,8,Q3,0,Summer Fest; Back to School Sale; Winter Savings Event; Back to School Bonanza
2025-08-14,33,8,Q3,0,Summer Fest; Winter Savings Event; Back to School Bonanza
2025-08-15,33,8,Q3,0,Summer Fest; Winter Savings Event; Back to School Bonanza
2025-08-16,33,8,Q3,0,Summer Fest; Winter Savings Event; Back to School Bonanza
2025-08-17,33,8,Q3,0,Summer Fest; Winter Savings Event; Back to School Bonanza
2025-08-18,34,8,Q3,0,Summer Fest; Winter Savings Event; Back to School Bonanza
2025-08-19,34,8,Q3,0,Summer Fest; Winter Savings Event; Back to School Bonanza
2025-08-20,34,8,Q3,0,Summer Fest; Winter Savings Event; Back to School Bonanza
2025-08-21,34,8,Q3,0,Summer Fest; Back to School Bonanza
2025-08-22,34,8,Q3,0,Back to School Bonanza
2025-08-23,34,8,Q3,0,Back to School Bonanza
2025-08-24,34,8,Q3,0,Back to School Bonanza
2025-08-25,35,8,Q3,0,Back to School Bonanza
2025-08-26,35,8,Q3,0,Back to School Bonanza
2025-08-27,35,8,Q3,0,Back to School Bonanza
2025-08-28,35,8,Q3,0,No Promotion
2025-08-29,35,8,Q3,0,No Promotion
2025-08-30,35,8,Q3,0,No Promotion
2025-08-31,35,8,Q3,0,No Promotion
2025-09-01,36,9,Q3,0,No Promotion
2025-09-02,36,9,Q3,0,No Promotion
2025-09-03,36,9,Q3,0,No Promotion
2025-09-04,36,9,Q3,0,No Promotion
2025-09-05,36,9,Q3,0,No Promotion
2025-09-06,36,9,Q3,0,No Promotion
2025-09-07,36,9,Q3,0,No Promotion
2025-09-08,37,9,Q3,0,No Promotion
2025-09-09,37,9,Q3,0,No Promotion
2025-09-10,37,9,Q3,0,No Promotion
2025-09-11,37,9,Q3,0,Super Offer
2025-09-12,37,9,Q3,0,Super Offer
2025-09-13,37,9,Q3,0,Super Offer
2025-09-14,37,9,Q3,0,Super Offer
2025-09-15,38,9,Q3,0,Super Offer
2025-09-16,38,9,Q3,0,Super Offer
2025-09-17,38,9,Q3,0,Super Offer
2025-09-18,38,9,Q3,0,Spring Savings Event; Super Offer
2025-09-19,38,9,Q3,0,Spring Savings Event; Super Offer
2025-09-20,38,9,Q3,0,Spring Savings Event; Super Offer
2025-09-21,38,9,Q3,0,Spring Savings Event; Super Offer
2025-09-22,39,9,Q3,0,Spring Savings Event; Super Offer
2025-09-23,39,9,Q3,0,Spring Savings Event; Super Offer
2025-09-24,39,9,Q3,0,Spring Savings Event; Super Offer
2025-09-25,39,9,Q3,0,Spring Savings Event; Super Offer
2025-09-26,39,9,Q3,0,Spring Savings Event; Super Offer
2025-09-27,39,9,Q3,0,Spring Savings Event; Super Offer
2025-09-28,39,9,Q3,0,Spring Savings Event; Super Offer
2025-09-29,40,9,Q3,0,Spring Savings Event; Super Offer
2025-09-30,40,9,Q3,0,Spring Savings Event; Super Offer
2025-10-01,40,10,Q4,0,Spring Savings Event; Super Offer
2025-10-02,40,10,Q4,0,Spring Savings Event; Super Offer
2025-10-03,40,10,Q4,0,Spring Savings Event; Super Offer
2025-10-04,40,10,Q4,0,Spring Savings Event; Super Offer
2025-10-05,40,10,Q4,0,Super Offer
2025-10-06,41,10,Q4,0,Super Offer
2025-10-07,41,10,Q4,0,Super Offer
2025-10-08,41,10,Q4,0,Super Offer
2025-10-09,41,10,Q4,0,Super Offer
2025-10-10,41,10,Q4,0,No Promotion
2025-10-11,41,10,Q4,0,No Promotion
2025-10-12,41,10,Q4,0,No Promotion
2025-10-13,42,10,Q4,0,No Promotion
2025-10-14,42,10,Q4,0,Flash Sale
2025-10-15,42,10,Q4,0,Flash Sale
2025-10-16,42,10,Q4,0,Flash Sale
2025-10-17,42,10,Q4,0,Flash Sale
2025-10-18,42,10,Q4,0,Flash Sale
2025-10-19,42,10,Q4,0,Spring Bonanza; Flash Sale
2025-10-20,43,10,Q4,0,Spring Bonanza; Flash Sale
2025-10-21,43,10,Q4,0,Spring Bonanza; Flash Sale
2025-10-22,43,10,Q4,0,Spring Bonanza; Flash Sale
2025-10-23,43,10,Q4,0,Spring Bonanza
2025-10-24,43,10,Q4,0,Spring Bonanza
2025-10-25,43,10,Q4,0,Spring Bonanza
2025-10-26,43,10,Q4,0,Spring Bonanza
2025-10-27,44,10,Q4,0,Spring Bonanza
2025-10-28,44,10,Q4,0,Spring Bonanza
2025-10-29,44,10,Q4,0,Spring Bonanza
2025-10-30,44,10,Q4,0,Spring Bonanza
2025-10-31,44,10,Q4,0,Spring Bonanza
2025-11-01,44,11,Q4,0,Spring Bonanza
2025-11-02,44,11,Q4,0,Spring Bonanza
2025-11-03,45,11,Q4,0,Spring Bonanza
2025-11-04,45,11,Q4,0,Spring Bonanza
2025-11-05,45,11,Q4,0,Spring Bonanza
2025-11-06,45,11,Q4,0,Spring Bonanza
2025-11-07,45,11,Q4,0,Spring Bonanza
2025-11-08,45,11,Q4,0,Spring Bonanza
2025-11-09,45,11,Q4,0,Spring Bonanza
2025-11-10,46,11,Q4,0,Spring Bonanza
2025-11-11,46,11,Q4,0,Spring Bonanza
2025-11-12,46,11,Q4,0,Spring Bonanza
2025-11-13,46,11,Q4,0,Year-End Deal Days
2025-11-14,46,11,Q4,0,Year-End Deal Days
2025-11-15,46,11,Q4,0,Year-End Deal Days
2025-11-16,46,11,Q4,0,Year-End Deal Days
2025-11-17,47,11,Q4,0,Year-End Deal Days
2025-11-18,47,11,Q4,0,Year-End Deal Days
2025-11-19,47,11,Q4,0,Year-End Deal Days
2025-11-20,47,11,Q4,0,Year-End Deal Days
2025-11-21,47,11,Q4,0,Year-End Deal Days
2025-11-22,47,11,Q4,0,No Promotion
2025-11-23,47,11,Q4,0,No Promotion
2025-11-24,48,11,Q4,0,No Promotion
2025-11-25,48,11,Q4,0,No Promotion
2025-11-26,48,11,Q4,0,No Promotion
2025-11-27,48,11,Q4,0,No Promotion
2025-11-28,48,11,Q4,0,No Promotion
2025-11-29,48,11,Q4,0,No Promotion
2025-11-30,48,11,Q4,0,No Promotion
2025-12-01,49,12,Q4,0,No Promotion
2025-12-02,49,12,Q4,0,No Promotion
2025-12-03,49,12,Q4,0,No Promotion
2025-12-04,49,12,Q4,0,No Promotion
2025-12-05,49,12,Q4,0,No Promotion
2025-12-06,49,12,Q4,0,No Promotion
2025-12-07,49,12,Q4,0,No Promotion
2025-12-08,50,12,Q4,0,No Promotion
2025-12-09,50,12,Q4,0,No Promotion
2025-12-10,50,12,Q4,0,No Promotion
2025-12-11,50,12,Q4,0,No Promotion
2025-12-12,50,12,Q4,0,No Promotion
2025-12-13,50,12,Q4,0,No Promotion
2025-12-14,50,12,Q4,0,No Promotion
2025-12-15,51,12,Q4,0,No Promotion
2025-12-16,51,12,Q4,0,No Promotion
2025-12-17,51,12,Q4,0,No Promotion
2025-12-18,51,12,Q4,0,No Promotion
2025-12-19,51,12,Q4,0,No Promotion
2025-12-20,51,12,Q4,0,No Promotion
2025-12-21,51,12,Q4,0,No Promotion
2025-12-22,52,12,Q4,0,No Promotion
2025-12-23,52,12,Q4,0,No Promotion
2025-12-24,52,12,Q4,0,No Promotion
2025-12-25,52,12,Q4,1,No Promotion
2025-12-26,52,12,Q4,1,No Promotion
2025-12-27,52,12,Q4,0,No Promotion
2025-12-28,52,12,Q4,0,No Promotion
2025-12-29,1,12,Q4,0,No Promotion
2025-12-30,1,12,Q4,0,No Promotion
2025-12-31,1,12,Q4,0,No Promotion
